,record_id,month,day,year,plot_id,species_id,sex,hindfoot_length,weight
35,36,7,17,1977,16,OT,F,22.0,
247,248,10,16,1977,22,OT,M,,21.0
295,296,10,17,1977,17,OT,,18.0,21.0
298,299,10,17,1977,17,OT,M,19.0,
354,355,11,12,1977,2,OT,,,
430,431,12,10,1977,2,OT,,,
441,442,12,10,1977,9,OT,,,
445,446,12,10,1977,2,OT,,,
451,452,12,10,1977,2,OT,,,
470,471,12,11,1977,5,OT,,,
472,473,12,11,1977,21,OT,,,
477,478,12,11,1977,3,OT,,,
488,489,12,11,1977,11,OT,,,
493,494,12,11,1977,4,OT,,,
496,497,12,11,1977,5,OT,,,
499,500,12,11,1977,21,OT,,,
500,501,12,11,1977,21,OT,,,
533,534,1,8,1978,2,OT,,,
536,537,1,9,1978,14,OT,,,
546,547,1,9,1978,8,OT,,,
567,568,1,10,1978,21,OT,,,
569,570,1,10,1978,5,OT,,,
576,577,1,10,1978,21,OT,,,
583,584,2,18,1978,3,OT,M,,24.0
597,598,2,18,1978,2,OT,F,,24.0
598,599,2,18,1978,3,OT,F,15.0,23.0
602,603,2,18,1978,2,OT,M,,25.0
610,611,2,19,1978,21,OT,F,20.0,23.0
622,623,2,19,1978,21,OT,,,
629,630,2,19,1978,5,OT,F,18.0,22.0
630,631,2,19,1978,5,OT,M,20.0,25.0
657,658,3,11,1978,3,OT,F,21.0,22.0
658,659,3,11,1978,20,OT,F,20.0,21.0
662,663,3,11,1978,2,OT,M,18.0,25.0
667,668,3,11,1978,3,OT,M,21.0,26.0
669,670,3,11,1978,2,OT,F,20.0,25.0
681,682,3,12,1978,21,OT,,,
692,693,3,12,1978,21,OT,M,,
705,706,3,12,1978,17,OT,F,,
707,708,3,12,1978,5,OT,M,20.0,26.0
712,713,3,13,1978,8,OT,M,15.0,29.0
722,723,3,13,1978,8,OT,F,16.0,35.0
731,732,4,8,1978,2,OT,,19.0,
734,735,4,8,1978,6,OT,F,18.0,
745,746,4,8,1978,22,OT,M,20.0,
755,756,4,8,1978,21,OT,F,20.0,
776,777,4,9,1978,8,OT,M,20.0,27.0
783,784,4,9,1978,17,OT,M,,23.0
825,826,4,10,1978,16,OT,M,20.0,18.0
858,859,5,6,1978,21,OT,F,13.0,9.0
914,915,5,19,1978,13,OT,F,18.0,24.0
917,918,5,19,1978,2,OT,F,21.0,30.0
977,978,6,8,1978,21,OT,M,18.0,12.0
1008,1009,6,9,1978,3,OT,F,20.0,29.0
1026,1027,6,9,1978,13,OT,F,19.0,28.0
1066,1067,7,7,1978,12,OT,F,19.0,22.0
1113,1114,8,4,1978,21,OT,,,19.0
1143,1144,8,4,1978,19,OT,M,19.0,12.0
1221,1222,9,3,1978,11,OT,M,20.0,24.0
1234,1235,9,3,1978,11,OT,F,20.0,20.0
1236,1237,9,3,1978,17,OT,M,,
1255,1256,9,4,1978,3,OT,M,21.0,27.0
1285,1286,9,4,1978,3,OT,F,20.0,28.0
1287,1288,9,4,1978,1,OT,M,19.0,20.0
1310,1311,10,7,1978,9,OT,M,20.0,18.0
1353,1354,10,8,1978,5,OT,F,21.0,20.0
1354,1355,10,8,1978,5,OT,M,20.0,19.0
1380,1381,10,8,1978,5,OT,F,20.0,25.0
1389,1390,10,8,1978,5,OT,M,20.0,25.0
1404,1405,11,4,1978,11,OT,F,20.0,23.0
1419,1420,11,4,1978,19,OT,M,20.0,21.0
1420,1421,11,4,1978,12,OT,F,21.0,22.0
1435,1436,11,4,1978,8,OT,F,20.0,24.0
1442,1443,11,5,1978,5,OT,M,20.0,21.0
1461,1462,11,5,1978,4,OT,F,20.0,22.0
1471,1472,11,5,1978,2,OT,F,20.0,23.0
1472,1473,11,5,1978,4,OT,M,20.0,28.0
1492,1493,12,2,1978,11,OT,F,20.0,25.0
1532,1533,12,3,1978,3,OT,F,20.0,23.0
1540,1541,12,3,1978,2,OT,M,21.0,
1541,1542,12,3,1978,3,OT,M,20.0,28.0
1546,1547,12,3,1978,5,OT,F,22.0,26.0
1547,1548,12,3,1978,5,OT,M,20.0,21.0
1583,1584,1,29,1979,2,OT,M,,30.0
1584,1585,1,29,1979,3,OT,F,,27.0
1593,1594,1,29,1979,2,OT,M,,26.0
1604,1605,1,29,1979,16,OT,,,
1606,1607,1,29,1979,16,OT,,,
1644,1645,2,25,1979,3,OT,M,21.0,26.0
1649,1650,2,25,1979,3,OT,F,20.0,30.0
1754,1755,4,29,1979,4,OT,M,18.0,28.0
1761,1762,4,29,1979,15,OT,M,20.0,23.0
1818,1819,5,30,1979,15,OT,M,20.0,24.0
1821,1822,5,30,1979,15,OT,F,18.0,15.0
1853,1854,7,3,1979,21,OT,F,21.0,18.0
1854,1855,7,3,1979,21,OT,M,20.0,27.0
1907,1908,7,24,1979,13,OT,F,20.0,27.0
1923,1924,7,25,1979,2,OT,F,19.0,25.0
1929,1930,7,25,1979,14,OT,M,22.0,19.0
1942,1943,7,25,1979,17,OT,F,20.0,25.0
1960,1961,8,21,1979,13,OT,M,20.0,20.0
1963,1964,8,21,1979,21,OT,F,21.0,17.0
1980,1981,8,22,1979,17,OT,M,18.0,27.0
1985,1986,8,22,1979,12,OT,F,20.0,17.0
1996,1997,8,23,1979,3,OT,M,20.0,28.0
1997,1998,8,23,1979,9,OT,F,20.0,30.0
2002,2003,8,23,1979,2,OT,F,21.0,27.0
2010,2011,8,23,1979,2,OT,M,21.0,20.0
2011,2012,8,23,1979,5,OT,F,31.0,19.0
2014,2015,8,23,1979,5,OT,F,19.0,18.0
2020,2021,9,22,1979,22,OT,M,20.0,31.0
2023,2024,9,22,1979,12,OT,M,19.0,20.0
2027,2028,9,22,1979,20,OT,F,20.0,21.0
2030,2031,9,22,1979,11,OT,M,19.0,27.0
2037,2038,9,22,1979,22,OT,M,19.0,19.0
2047,2048,9,23,1979,13,OT,M,20.0,21.0
2049,2050,9,23,1979,2,OT,F,20.0,23.0
2053,2054,9,23,1979,2,OT,F,20.0,29.0
2056,2057,9,23,1979,5,OT,M,20.0,22.0
2057,2058,9,23,1979,1,OT,M,19.0,24.0
2065,2066,9,23,1979,5,OT,F,21.0,25.0
2068,2069,9,23,1979,18,OT,F,20.0,26.0
2095,2096,10,24,1979,11,OT,F,20.0,27.0
2099,2100,10,24,1979,9,OT,F,21.0,21.0
2103,2104,10,24,1979,9,OT,M,22.0,22.0
2107,2108,10,24,1979,11,OT,M,19.0,18.0
2108,2109,10,24,1979,11,OT,M,21.0,19.0
2118,2119,10,25,1979,6,OT,F,21.0,23.0
2120,2121,10,25,1979,15,OT,F,20.0,19.0
2128,2129,10,25,1979,5,OT,F,21.0,26.0
2131,2132,10,25,1979,5,OT,M,20.0,23.0
2135,2136,10,25,1979,5,OT,F,19.0,21.0
2141,2142,11,17,1979,17,OT,M,18.0,20.0
2143,2144,11,17,1979,17,OT,M,21.0,22.0
2145,2146,11,17,1979,15,OT,F,20.0,22.0
2150,2151,11,17,1979,18,OT,F,20.0,22.0
2152,2153,11,17,1979,6,OT,F,20.0,23.0
2155,2156,11,17,1979,5,OT,M,20.0,23.0
2156,2157,11,17,1979,24,OT,F,20.0,21.0
2157,2158,11,17,1979,1,OT,F,21.0,24.0
2165,2166,11,17,1979,15,OT,M,21.0,21.0
2171,2172,11,17,1979,17,OT,F,20.0,28.0
2195,2196,11,18,1979,7,OT,M,19.0,22.0
2205,2206,11,18,1979,10,OT,F,20.0,22.0
2209,2210,11,18,1979,11,OT,M,19.0,22.0
2222,2223,11,18,1979,16,OT,M,19.0,19.0
2234,2235,11,18,1979,20,OT,M,20.0,20.0
2235,2236,11,18,1979,20,OT,M,20.0,24.0
2237,2238,11,18,1979,22,OT,M,18.0,23.0
2238,2239,11,18,1979,23,OT,M,20.0,22.0
2239,2240,11,18,1979,23,OT,F,20.0,23.0
2277,2278,1,15,1980,9,OT,M,21.0,23.0
2279,2280,1,15,1980,21,OT,F,20.0,21.0
2286,2287,1,15,1980,21,OT,M,19.0,22.0
2305,2306,1,15,1980,17,OT,M,20.0,20.0
2306,2307,1,15,1980,17,OT,F,21.0,25.0
2320,2321,1,15,1980,20,OT,M,20.0,25.0
2336,2337,1,16,1980,1,OT,M,20.0,23.0
2344,2345,1,16,1980,5,OT,M,21.0,21.0
2347,2348,1,16,1980,6,OT,F,21.0,20.0
2350,2351,1,16,1980,13,OT,F,20.0,21.0
2368,2369,1,16,1980,24,OT,M,20.0,22.0
2373,2374,1,16,1980,16,OT,M,20.0,20.0
2391,2392,1,16,1980,2,OT,F,19.0,20.0
2406,2407,1,16,1980,15,OT,F,20.0,22.0
2411,2412,2,24,1980,18,OT,M,19.0,25.0
2412,2413,2,24,1980,18,OT,F,21.0,27.0
2425,2426,2,24,1980,21,OT,F,20.0,25.0
2467,2468,2,25,1980,5,OT,F,19.0,29.0
2506,2507,2,25,1980,15,OT,M,21.0,26.0
2507,2508,2,25,1980,15,OT,F,20.0,26.0
2527,2528,2,25,1980,1,OT,F,20.0,24.0
2540,2541,3,9,1980,24,OT,F,,24.0
2541,2542,3,9,1980,1,OT,F,,26.0
2579,2580,3,9,1980,20,OT,M,,25.0
2592,2593,3,9,1980,13,OT,M,,28.0
2597,2598,3,9,1980,15,OT,F,,27.0
2601,2602,3,9,1980,6,OT,F,,27.0
2617,2618,3,9,1980,13,OT,F,,21.0
2669,2670,3,9,1980,1,OT,F,,22.0
2674,2675,3,9,1980,19,OT,M,,24.0
2679,2680,3,9,1980,19,OT,F,,24.0
2698,2699,3,9,1980,20,OT,M,,24.0
2709,2710,3,9,1980,15,OT,F,,26.0
2715,2716,3,9,1980,6,OT,M,,24.0
2737,2738,3,9,1980,18,OT,M,,25.0
2786,2787,3,22,1980,15,OT,F,,33.0
2793,2794,3,22,1980,16,OT,F,,31.0
2808,2809,3,22,1980,18,OT,F,,28.0
2816,2817,3,22,1980,15,OT,M,,30.0
2822,2823,3,22,1980,18,OT,M,,25.0
2830,2831,4,17,1980,17,OT,M,,15.0
2835,2836,4,17,1980,10,OT,F,17.0,10.0
2854,2855,4,17,1980,10,OT,M,19.0,10.0
2883,2884,4,18,1980,15,OT,F,,36.0
2886,2887,4,18,1980,16,OT,F,,22.0
2944,2945,5,17,1980,17,OT,F,22.0,28.0
3027,3028,5,25,1980,5,OT,F,,33.0
3094,3095,6,23,1980,15,OT,M,,26.0
3112,3113,6,23,1980,4,OT,F,20.0,33.0
3115,3116,6,23,1980,16,OT,F,,26.0
3119,3120,6,23,1980,4,OT,M,,30.0
3131,3132,7,21,1980,17,OT,F,20.0,32.0
3175,3176,7,22,1980,16,OT,M,19.0,18.0
3231,3232,8,14,1980,2,OT,M,21.0,30.0
3234,3235,8,14,1980,12,OT,F,19.0,25.0
3256,3257,9,7,1980,18,OT,F,19.0,18.0
3280,3281,9,7,1980,8,OT,M,21.0,21.0
3291,3292,9,7,1980,11,OT,M,20.0,16.0
3295,3296,9,8,1980,4,OT,M,19.0,16.0
3310,3311,9,8,1980,2,OT,F,20.0,21.0
3323,3324,9,8,1980,4,OT,F,21.0,29.0
3332,3333,10,11,1980,17,OT,F,20.0,35.0
3334,3335,10,11,1980,24,OT,M,21.0,20.0
3338,3339,10,11,1980,24,OT,M,20.0,24.0
3341,3342,10,11,1980,21,OT,F,20.0,22.0
3343,3344,10,11,1980,10,OT,F,20.0,24.0
3359,3360,10,11,1980,24,OT,F,20.0,26.0
3369,3370,10,12,1980,15,OT,F,20.0,26.0
3371,3372,10,12,1980,6,OT,M,19.0,22.0
3375,3376,10,12,1980,12,OT,M,19.0,26.0
3376,3377,10,12,1980,15,OT,M,20.0,11.0
3393,3394,10,12,1980,18,OT,M,20.0,25.0
3395,3396,10,12,1980,15,OT,F,19.0,13.0
3397,3398,10,12,1980,15,OT,M,21.0,23.0
3399,3400,10,12,1980,12,OT,F,19.0,25.0
3404,3405,11,8,1980,13,OT,M,20.0,22.0
3410,3411,11,8,1980,21,OT,M,20.0,25.0
3413,3414,11,8,1980,21,OT,M,22.0,24.0
3414,3415,11,8,1980,21,OT,F,19.0,22.0
3419,3420,11,8,1980,21,OT,F,19.0,33.0
3458,3459,11,9,1980,3,OT,F,19.0,20.0
3460,3461,11,9,1980,3,OT,F,20.0,28.0
3481,3482,11,9,1980,14,OT,F,19.0,20.0
3486,3487,11,9,1980,14,OT,M,20.0,22.0
3502,3503,11,9,1980,19,OT,F,21.0,22.0
3515,3516,11,9,1980,12,OT,M,20.0,23.0
3527,3528,11,9,1980,2,OT,F,20.0,21.0
3542,3543,12,15,1980,10,OT,F,20.0,30.0
3552,3553,12,15,1980,14,OT,F,21.0,35.0
3560,3561,12,15,1980,14,OT,M,21.0,23.0
3567,3568,12,15,1980,9,OT,F,20.0,26.0
3573,3574,12,15,1980,5,OT,M,20.0,22.0
3586,3587,12,15,1980,2,OT,F,19.0,21.0
3646,3647,12,16,1980,13,OT,M,20.0,22.0
3666,3667,12,16,1980,11,OT,M,20.0,23.0
3673,3674,12,16,1980,11,OT,F,20.0,30.0
3700,3701,1,11,1981,13,OT,M,22.0,24.0
3713,3714,1,11,1981,20,OT,F,17.0,24.0
3718,3719,1,11,1981,17,OT,M,19.0,24.0
3723,3724,1,11,1981,20,OT,M,19.0,28.0
3728,3729,1,11,1981,17,OT,F,19.0,28.0
3739,3740,1,12,1981,2,OT,M,20.0,27.0
3752,3753,1,12,1981,6,OT,M,20.0,24.0
3846,3847,1,31,1981,19,OT,M,20.0,28.0
3906,3907,3,8,1981,13,OT,M,22.0,29.0
3912,3913,3,8,1981,17,OT,F,21.0,11.0
3915,3916,3,8,1981,17,OT,M,21.0,10.0
3925,3926,3,8,1981,20,OT,F,18.0,31.0
3937,3938,3,8,1981,17,OT,M,21.0,11.0
3940,3941,3,8,1981,17,OT,M,21.0,11.0
3942,3943,3,8,1981,17,OT,F,22.0,31.0
3955,3956,3,9,1981,1,OT,M,,25.0
3973,3974,3,9,1981,3,OT,F,20.0,28.0
3974,3975,3,9,1981,3,OT,M,20.0,27.0
3994,3995,3,9,1981,14,OT,M,19.0,12.0
4040,4041,4,5,1981,9,OT,M,,17.0
4058,4059,4,5,1981,9,OT,M,,23.0
4079,4080,4,5,1981,14,OT,M,,29.0
4179,4180,4,5,1981,17,OT,F,,37.0
4182,4183,4,5,1981,17,OT,M,,32.0
4230,4231,4,6,1981,8,OT,M,,24.0
4245,4246,4,6,1981,18,OT,M,,31.0
4314,4315,4,6,1981,2,OT,F,,25.0
4320,4321,4,6,1981,6,OT,M,,25.0
4406,4407,5,3,1981,17,OT,F,21.0,38.0
4408,4409,5,3,1981,17,OT,M,,29.0
4422,4423,5,4,1981,13,OT,F,21.0,26.0
4531,4532,6,4,1981,14,OT,M,19.0,15.0
4576,4577,6,5,1981,20,OT,F,20.0,27.0
4582,4583,6,5,1981,11,OT,F,21.0,27.0
4624,4625,7,7,1981,19,OT,M,20.0,25.0
4694,4695,7,30,1981,18,OT,F,21.0,18.0
4719,4720,7,31,1981,22,OT,M,20.0,29.0
4723,4724,7,31,1981,22,OT,F,19.0,15.0
4728,4729,7,31,1981,17,OT,F,21.0,36.0
4808,4809,9,29,1981,24,OT,M,21.0,23.0
4822,4823,9,29,1981,18,OT,F,21.0,37.0
4829,4830,9,29,1981,21,OT,M,21.0,20.0
4835,4836,9,30,1981,11,OT,F,22.0,24.0
4848,4849,9,30,1981,17,OT,M,23.0,30.0
4853,4854,9,30,1981,17,OT,F,22.0,22.0
4890,4891,10,24,1981,18,OT,M,21.0,19.0
4895,4896,10,24,1981,12,OT,M,21.0,15.0
4898,4899,10,24,1981,12,OT,F,21.0,19.0
4902,4903,10,24,1981,12,OT,F,21.0,25.0
4904,4905,10,24,1981,22,OT,M,19.0,24.0
4914,4915,10,25,1981,5,OT,M,20.0,19.0
4915,4916,10,25,1981,5,OT,F,20.0,24.0
4938,4939,10,25,1981,5,OT,F,20.0,21.0
4955,4956,10,26,1981,2,OT,M,22.0,22.0
4957,4958,10,26,1981,2,OT,F,21.0,22.0
4959,4960,11,22,1981,21,OT,F,22.0,35.0
4971,4972,11,22,1981,21,OT,M,21.0,24.0
4978,4979,11,22,1981,21,OT,M,21.0,27.0
4983,4984,11,22,1981,11,OT,M,22.0,31.0
4998,4999,11,22,1981,11,OT,F,21.0,26.0
5001,5002,11,22,1981,21,OT,F,22.0,22.0
5017,5018,11,23,1981,2,OT,M,21.0,23.0
5019,5020,11,23,1981,2,OT,F,20.0,22.0
5146,5147,12,31,1981,11,OT,M,22.0,27.0
5151,5152,12,31,1981,11,OT,M,21.0,23.0
5253,5254,1,24,1982,11,OT,M,19.0,25.0
5260,5261,1,24,1982,11,OT,F,21.0,25.0
5261,5262,1,24,1982,19,OT,F,20.0,24.0
5270,5271,1,25,1982,13,OT,M,21.0,23.0
5304,5305,1,25,1982,2,OT,M,19.0,24.0
5454,5455,2,23,1982,11,OT,F,21.0,24.0
5463,5464,2,23,1982,11,OT,M,21.0,27.0
5500,5501,2,24,1982,1,OT,F,21.0,34.0
5518,5519,3,29,1982,8,OT,F,21.0,24.0
5625,5626,3,30,1982,6,OT,M,21.0,26.0
5626,5627,3,30,1982,17,OT,F,21.0,31.0
5653,5654,3,30,1982,17,OT,M,19.0,28.0
5671,5672,3,30,1982,1,OT,M,21.0,23.0
5683,5684,4,28,1982,24,OT,M,19.0,29.0
5734,5735,4,28,1982,17,OT,M,20.0,27.0
5830,5831,4,29,1982,15,OT,F,19.0,26.0
5901,5902,5,21,1982,23,OT,M,20.0,28.0
5903,5904,5,21,1982,17,OT,M,19.0,28.0
5905,5906,5,21,1982,23,OT,F,21.0,23.0
5926,5927,5,22,1982,1,OT,M,20.0,14.0
5968,5969,5,22,1982,3,OT,F,19.0,24.0
5993,5994,6,28,1982,15,OT,M,,30.0
6055,6056,6,28,1982,15,OT,F,,17.0
6064,6065,6,29,1982,17,OT,F,,16.0
6066,6067,6,29,1982,17,OT,F,,30.0
6108,6109,6,29,1982,18,OT,F,,21.0
6141,6142,6,29,1982,20,OT,M,,20.0
6155,6156,7,25,1982,1,OT,M,,21.0
6161,6162,7,25,1982,2,OT,F,,27.0
6163,6164,7,25,1982,1,OT,F,,26.0
6171,6172,7,25,1982,9,OT,F,,28.0
6172,6173,7,25,1982,6,OT,F,,25.0
6177,6178,7,25,1982,6,OT,M,,13.0
6228,6229,7,26,1982,15,OT,F,,25.0
6265,6266,7,26,1982,12,OT,M,,23.0
6283,6284,7,26,1982,12,OT,M,,23.0
6316,6317,7,27,1982,20,OT,M,,31.0
6321,6322,7,27,1982,20,OT,F,,20.0
6329,6330,8,15,1982,20,OT,M,20.0,28.0
6348,6349,8,15,1982,17,OT,F,20.0,33.0
6378,6379,8,15,1982,6,OT,F,20.0,26.0
6385,6386,8,15,1982,21,OT,F,20.0,26.0
6393,6394,8,15,1982,20,OT,F,21.0,21.0
6419,6420,8,15,1982,20,OT,M,20.0,30.0
6512,6513,8,16,1982,5,OT,M,20.0,17.0
6513,6514,8,16,1982,15,OT,F,20.0,23.0
6526,6527,9,18,1982,1,OT,F,21.0,24.0
6535,6536,9,18,1982,1,OT,F,22.0,23.0
6545,6546,9,18,1982,4,OT,F,21.0,28.0
6561,6562,9,18,1982,2,OT,M,20.0,28.0
6575,6576,9,18,1982,1,OT,M,20.0,27.0
6581,6582,9,18,1982,11,OT,M,21.0,29.0
6584,6585,9,18,1982,4,OT,M,21.0,23.0
6595,6596,9,18,1982,1,OT,M,19.0,28.0
6604,6605,9,19,1982,17,OT,F,19.0,25.0
6611,6612,9,19,1982,20,OT,F,22.0,25.0
6612,6613,9,19,1982,15,OT,M,20.0,29.0
6630,6631,9,19,1982,18,OT,F,19.0,28.0
6640,6641,9,19,1982,18,OT,F,21.0,25.0
6648,6649,10,23,1982,17,OT,F,20.0,23.0
6655,6656,10,23,1982,23,OT,M,20.0,29.0
6662,6663,10,23,1982,1,OT,M,20.0,27.0
6677,6678,10,23,1982,23,OT,F,21.0,22.0
6686,6687,10,23,1982,13,OT,M,20.0,27.0
6688,6689,10,23,1982,5,OT,M,21.0,23.0
6702,6703,10,23,1982,8,OT,M,20.0,25.0
6757,6758,10,23,1982,17,OT,F,20.0,18.0
6768,6769,10,23,1982,15,OT,M,20.0,23.0
6769,6770,10,23,1982,5,OT,M,21.0,24.0
6789,6790,10,24,1982,24,OT,F,20.0,20.0
6793,6794,10,24,1982,4,OT,M,21.0,24.0
6805,6806,10,24,1982,6,OT,M,21.0,24.0
6808,6809,10,24,1982,2,OT,M,21.0,27.0
6839,6840,10,24,1982,22,OT,M,18.0,19.0
6840,6841,10,24,1982,14,OT,M,21.0,28.0
6849,6850,10,24,1982,24,OT,M,21.0,26.0
6872,6873,10,24,1982,18,OT,F,19.0,20.0
6876,6877,10,24,1982,9,OT,M,20.0,24.0
6889,6890,10,24,1982,11,OT,M,20.0,25.0
6892,6893,10,24,1982,11,OT,F,19.0,22.0
6895,6896,10,24,1982,24,OT,F,20.0,30.0
6902,6903,10,24,1982,20,OT,F,22.0,24.0
6903,6904,10,24,1982,11,OT,M,21.0,27.0
6910,6911,10,24,1982,20,OT,M,21.0,23.0
6927,6928,10,24,1982,2,OT,M,21.0,28.0
6928,6929,10,24,1982,6,OT,F,19.0,27.0
6939,6940,10,24,1982,6,OT,F,20.0,22.0
6955,6956,11,21,1982,19,OT,M,21.0,24.0
6977,6978,11,21,1982,17,OT,M,19.0,26.0
6986,6987,11,21,1982,17,OT,F,19.0,24.0
6987,6988,11,21,1982,14,OT,M,21.0,31.0
7057,7058,11,22,1982,2,OT,M,21.0,27.0
7130,7131,11,22,1982,6,OT,F,19.0,27.0
7133,7134,11,22,1982,6,OT,M,21.0,24.0
7177,7178,1,12,1983,18,OT,M,18.0,29.0
7196,7197,1,12,1983,24,OT,M,21.0,25.0
7229,7230,1,12,1983,15,OT,F,19.0,25.0
7269,7270,1,13,1983,2,OT,M,21.0,26.0
7318,7319,2,26,1983,24,OT,F,20.0,29.0
7327,7328,2,26,1983,24,OT,F,21.0,22.0
7332,7333,2,26,1983,24,OT,M,21.0,26.0
7333,7334,2,26,1983,24,OT,F,21.0,23.0
7349,7350,2,26,1983,11,OT,M,21.0,26.0
7409,7410,2,27,1983,15,OT,M,21.0,25.0
7438,7439,2,27,1983,1,OT,M,18.0,18.0
7502,7503,3,14,1983,11,OT,F,21.0,28.0
7509,7510,3,14,1983,24,OT,M,20.0,29.0
7537,7538,3,14,1983,17,OT,F,21.0,26.0
7556,7557,3,15,1983,6,OT,M,19.0,27.0
7629,7630,3,15,1983,6,OT,F,21.0,26.0
7814,7815,5,14,1983,12,OT,M,20.0,16.0
7825,7826,5,14,1983,22,OT,F,19.0,16.0
7839,7840,5,14,1983,21,OT,M,20.0,29.0
7841,7842,5,14,1983,17,OT,F,19.0,16.0
7870,7871,5,14,1983,21,OT,F,22.0,27.0
7884,7885,5,15,1983,1,OT,M,21.0,28.0
7893,7894,5,15,1983,9,OT,M,21.0,17.0
7912,7913,5,15,1983,15,OT,M,20.0,19.0
7927,7928,5,15,1983,1,OT,F,19.0,14.0
7967,7968,6,17,1983,18,OT,F,20.0,22.0
7969,7970,6,17,1983,12,OT,F,20.0,15.0
7973,7974,6,17,1983,18,OT,M,21.0,30.0
7984,7985,6,17,1983,14,OT,M,21.0,23.0
7990,7991,6,17,1983,18,OT,M,19.0,21.0
8011,8012,6,18,1983,8,OT,F,18.0,19.0
8015,8016,6,18,1983,11,OT,F,20.0,30.0
8058,8059,7,16,1983,12,OT,F,21.0,23.0
8082,8083,7,16,1983,21,OT,F,19.0,28.0
8086,8087,7,16,1983,18,OT,M,20.0,30.0
8100,8101,7,16,1983,14,OT,M,21.0,24.0
8109,8110,7,16,1983,14,OT,M,20.0,29.0
8120,8121,7,17,1983,15,OT,M,20.0,13.0
8126,8127,7,17,1983,2,OT,F,22.0,29.0
8147,8148,7,17,1983,2,OT,F,19.0,27.0
8169,8170,8,15,1983,12,OT,M,20.0,25.0
8175,8176,8,15,1983,12,OT,F,21.0,24.0
8204,8205,8,15,1983,17,OT,F,21.0,21.0
8205,8206,8,15,1983,20,OT,F,21.0,45.0
8211,8212,8,15,1983,14,OT,M,21.0,24.0
8230,8231,8,16,1983,9,OT,F,21.0,26.0
8235,8236,8,16,1983,3,OT,F,20.0,22.0
8243,8244,8,16,1983,1,OT,F,21.0,25.0
8255,8256,8,16,1983,1,OT,M,21.0,26.0
8329,8330,9,10,1983,12,OT,F,20.0,25.0
8334,8335,9,10,1983,23,OT,M,20.0,18.0
8371,8372,9,11,1983,2,OT,F,18.0,24.0
8389,8390,9,11,1983,15,OT,M,20.0,24.0
8447,8448,10,15,1983,18,OT,F,20.0,26.0
8448,8449,10,15,1983,19,OT,F,20.0,25.0
8449,8450,10,15,1983,17,OT,F,21.0,29.0
8458,8459,10,15,1983,17,OT,F,19.0,23.0
8472,8473,10,15,1983,14,OT,M,19.0,25.0
8488,8489,10,16,1983,12,OT,F,22.0,28.0
8489,8490,10,16,1983,2,OT,F,19.0,26.0
8499,8500,10,16,1983,12,OT,M,20.0,27.0
8505,8506,10,16,1983,2,OT,M,20.0,24.0
8527,8528,10,16,1983,12,OT,M,20.0,26.0
8556,8557,11,12,1983,21,OT,M,21.0,25.0
8557,8558,11,12,1983,13,OT,F,18.0,27.0
8565,8566,11,12,1983,18,OT,F,21.0,28.0
8569,8570,11,12,1983,13,OT,M,20.0,24.0
8574,8575,11,12,1983,24,OT,F,20.0,23.0
8579,8580,11,12,1983,21,OT,F,20.0,23.0
8582,8583,11,12,1983,14,OT,M,20.0,28.0
8595,8596,11,12,1983,21,OT,F,21.0,29.0
8605,8606,11,12,1983,12,OT,F,20.0,28.0
8615,8616,11,12,1983,22,OT,F,21.0,24.0
8632,8633,11,13,1983,15,OT,F,21.0,23.0
8649,8650,11,13,1983,2,OT,M,19.0,24.0
8669,8670,11,13,1983,2,OT,F,19.0,25.0
8685,8686,11,13,1983,5,OT,F,19.0,29.0
8694,8695,12,8,1983,12,OT,F,19.0,23.0
8709,8710,12,8,1983,12,OT,M,21.0,24.0
8714,8715,12,8,1983,14,OT,M,20.0,28.0
8732,8733,12,8,1983,18,OT,M,21.0,25.0
8755,8756,12,9,1983,9,OT,M,20.0,20.0
8774,8775,12,9,1983,11,OT,F,21.0,24.0
8784,8785,12,9,1983,11,OT,M,19.0,22.0
8789,8790,12,9,1983,9,OT,F,21.0,27.0
8804,8805,12,9,1983,6,OT,F,21.0,28.0
8810,8811,2,4,1984,22,OT,M,21.0,25.0
8821,8822,2,4,1984,12,OT,F,20.0,21.0
8823,8824,2,4,1984,12,OT,M,21.0,20.0
8914,8915,3,12,1984,22,OT,F,21.0,23.0
8985,8986,4,9,1984,12,OT,F,21.0,33.0
9029,9030,4,10,1984,15,OT,F,22.0,31.0
9043,9044,4,10,1984,3,OT,M,21.0,22.0
9066,9067,5,12,1984,24,OT,F,21.0,25.0
9084,9085,5,12,1984,20,OT,F,19.0,26.0
9103,9104,5,12,1984,22,OT,M,19.0,17.0
9188,9189,5,13,1984,1,OT,F,21.0,33.0
9201,9202,5,27,1984,22,OT,F,21.0,29.0
9203,9204,5,27,1984,12,OT,M,21.0,15.0
9213,9214,5,27,1984,12,OT,M,21.0,21.0
9263,9264,5,28,1984,15,OT,M,20.0,19.0
9276,9277,5,28,1984,5,OT,M,21.0,27.0
9301,9302,7,3,1984,18,OT,M,20.0,23.0
9309,9310,7,3,1984,18,OT,M,22.0,24.0
9312,9313,7,3,1984,17,OT,M,21.0,19.0
9345,9346,7,4,1984,5,OT,M,19.0,17.0
9349,9350,7,4,1984,3,OT,M,20.0,24.0
9371,9372,7,31,1984,18,OT,M,20.0,23.0
9374,9375,7,31,1984,12,OT,F,17.0,18.0
9395,9396,7,31,1984,12,OT,M,22.0,22.0
9400,9401,7,31,1984,20,OT,F,19.0,22.0
9440,9441,8,1,1984,9,OT,M,19.0,23.0
9444,9445,8,1,1984,5,OT,M,19.0,23.0
9448,9449,8,1,1984,11,OT,M,20.0,23.0
9455,9456,8,25,1984,12,OT,M,18.0,12.0
9456,9457,8,25,1984,18,OT,F,20.0,21.0
9460,9461,8,25,1984,24,OT,F,19.0,20.0
9465,9466,8,25,1984,12,OT,M,18.0,12.0
9466,9467,8,25,1984,12,OT,F,19.0,26.0
9481,9482,8,25,1984,17,OT,M,19.0,21.0
9537,9538,9,29,1984,21,OT,M,20.0,22.0
9543,9544,9,29,1984,2,OT,,,
9553,9554,9,29,1984,6,OT,F,21.0,23.0
9554,9555,9,29,1984,21,OT,F,19.0,19.0
9558,9559,9,29,1984,18,OT,M,20.0,25.0
9640,9641,10,20,1984,16,OT,M,20.0,23.0
9643,9644,10,20,1984,22,OT,F,20.0,25.0
9650,9651,10,20,1984,17,OT,F,18.0,24.0
9655,9656,10,20,1984,20,OT,F,20.0,25.0
9750,9751,12,31,1984,3,OT,M,21.0,28.0
9764,9765,12,31,1984,3,OT,F,19.0,21.0
9767,9768,12,31,1984,5,OT,F,24.0,25.0
9772,9773,12,31,1984,11,OT,M,19.0,19.0
9781,9782,12,31,1984,11,OT,F,19.0,16.0
9788,9789,12,31,1984,2,OT,M,20.0,21.0
9790,9791,1,19,1985,17,OT,F,20.0,16.0
9808,9809,1,19,1985,12,OT,M,19.0,20.0
9809,9810,1,19,1985,17,OT,M,19.0,18.0
9833,9834,1,19,1985,6,OT,M,20.0,23.0
9843,9844,1,19,1985,6,OT,F,20.0,20.0
9847,9848,1,19,1985,18,OT,F,20.0,20.0
9856,9857,1,19,1985,6,OT,M,21.0,22.0
10008,10009,2,17,1985,11,OT,M,20.0,19.0
10022,10023,2,17,1985,9,OT,F,19.0,10.0
10050,10051,3,16,1985,12,OT,M,18.0,20.0
10053,10054,3,16,1985,22,OT,M,16.0,17.0
10070,10071,3,16,1985,22,OT,M,19.0,22.0
10073,10074,3,16,1985,16,OT,M,19.0,21.0
10193,10194,4,20,1985,22,OT,M,19.0,29.0
10198,10199,4,20,1985,12,OT,M,20.0,20.0
10328,10329,4,21,1985,13,OT,F,20.0,19.0
10330,10331,4,21,1985,15,OT,M,20.0,20.0
10345,10346,4,21,1985,13,OT,M,19.0,20.0
10351,10352,4,21,1985,13,OT,M,20.0,27.0
10378,10379,5,23,1985,24,OT,F,18.0,17.0
10398,10399,5,23,1985,14,OT,F,20.0,19.0
10437,10438,5,24,1985,3,OT,M,20.0,22.0
10546,10547,7,23,1985,24,OT,F,20.0,24.0
10556,10557,7,23,1985,19,OT,M,20.0,22.0
10558,10559,7,23,1985,17,OT,M,19.0,20.0
10630,10631,7,24,1985,11,OT,M,19.0,11.0
10635,10636,8,19,1985,19,OT,M,21.0,25.0
10668,10669,8,19,1985,24,OT,F,21.0,28.0
10689,10690,8,20,1985,3,OT,M,22.0,25.0
10717,10718,8,20,1985,11,OT,M,20.0,29.0
10723,10724,8,20,1985,5,OT,M,20.0,22.0
10744,10745,9,21,1985,12,OT,M,21.0,24.0
10748,10749,9,21,1985,12,OT,F,22.0,26.0
10791,10792,9,22,1985,5,OT,F,19.0,28.0
10795,10796,9,22,1985,8,OT,M,19.0,24.0
10822,10823,9,22,1985,8,OT,M,21.0,25.0
10826,10827,9,22,1985,2,OT,M,21.0,22.0
10836,10837,10,12,1985,12,OT,M,21.0,23.0
10858,10859,10,12,1985,14,OT,M,19.0,22.0
10860,10861,10,12,1985,12,OT,F,21.0,26.0
10868,10869,10,12,1985,12,OT,F,21.0,23.0
10917,10918,10,13,1985,8,OT,F,21.0,26.0
10930,10931,10,13,1985,4,OT,M,19.0,30.0
10945,10946,10,13,1985,2,OT,M,21.0,28.0
10952,10953,10,13,1985,2,OT,F,19.0,20.0
10955,10956,10,13,1985,2,OT,F,21.0,26.0
10963,10964,11,16,1985,14,OT,M,20.0,17.0
10981,10982,11,16,1985,12,OT,F,20.0,25.0
10989,10990,11,16,1985,23,OT,F,20.0,21.0
11008,11009,11,16,1985,14,OT,M,18.0,16.0
11027,11028,11,17,1985,11,OT,M,20.0,25.0
11033,11034,11,17,1985,13,OT,F,19.0,22.0
11078,11079,11,17,1985,11,OT,F,21.0,21.0
11080,11081,11,17,1985,1,OT,F,20.0,21.0
11106,11107,12,7,1985,12,OT,M,22.0,23.0
11113,11114,12,7,1985,18,OT,M,22.0,23.0
11115,11116,12,7,1985,23,OT,F,21.0,19.0
11119,11120,12,7,1985,14,OT,F,20.0,26.0
11126,11127,12,7,1985,14,OT,M,21.0,18.0
11135,11136,12,7,1985,23,OT,F,21.0,22.0
11145,11146,12,7,1985,12,OT,F,20.0,24.0
11159,11160,12,8,1985,9,OT,M,21.0,25.0
11238,11239,3,8,1986,12,OT,M,21.0,26.0
11259,11260,3,8,1986,12,OT,F,21.0,23.0
11266,11267,3,8,1986,14,OT,M,20.0,23.0
11423,11424,4,13,1986,3,OT,M,19.0,15.0
11451,11452,5,10,1986,12,OT,F,21.0,33.0
11461,11462,5,10,1986,12,OT,M,21.0,26.0
11520,11521,5,11,1986,3,OT,M,21.0,21.0
11532,11533,5,11,1986,3,OT,F,17.0,9.0
11552,11553,6,4,1986,23,OT,M,21.0,19.0
11558,11559,6,4,1986,24,OT,F,21.0,27.0
11568,11569,6,4,1986,23,OT,F,20.0,19.0
11624,11625,6,5,1986,3,OT,M,20.0,21.0
11663,11664,7,3,1986,19,OT,M,18.0,14.0
11671,11672,7,3,1986,14,OT,M,20.0,
11723,11724,7,4,1986,3,OT,M,20.0,30.0
11810,11811,9,6,1986,16,OT,M,20.0,21.0
11819,11820,9,6,1986,12,OT,M,18.0,20.0
11850,11851,9,7,1986,15,OT,M,22.0,22.0
11887,11888,10,4,1986,22,OT,M,20.0,23.0
11915,11916,10,4,1986,22,OT,F,19.0,21.0
11936,11937,10,5,1986,8,OT,F,19.0,20.0
11986,11987,11,15,1986,12,OT,M,20.0,24.0
11998,11999,11,15,1986,23,OT,F,19.0,10.0
12066,12067,11,16,1986,11,OT,M,20.0,25.0
12100,12101,12,14,1986,12,OT,M,20.0,24.0
12181,12182,1,31,1987,12,OT,M,19.0,24.0
12236,12237,2,1,1987,9,OT,M,20.0,26.0
12242,12243,2,1,1987,5,OT,F,18.0,16.0
12472,12473,4,4,1987,12,OT,M,22.0,28.0
12488,12489,4,4,1987,12,OT,F,21.0,25.0
12504,12505,4,4,1987,6,OT,F,17.0,11.0
12757,12758,5,28,1987,12,OT,M,19.0,24.0
12908,12909,6,30,1987,18,OT,M,21.0,23.0
12912,12913,6,30,1987,6,OT,M,21.0,25.0
12928,12929,6,30,1987,18,OT,F,19.0,16.0
12964,12965,7,1,1987,15,OT,F,20.0,24.0
12966,12967,7,1,1987,9,OT,F,20.0,29.0
13057,13058,7,25,1987,18,OT,F,,19.0
13123,13124,7,26,1987,3,OT,F,,18.0
13207,13208,8,25,1987,24,OT,M,20.0,23.0
13213,13214,8,25,1987,22,OT,M,22.0,20.0
13224,13225,8,25,1987,22,OT,F,16.0,5.0
13261,13262,8,26,1987,15,OT,M,20.0,22.0
13272,13273,8,26,1987,15,OT,F,20.0,26.0
13292,13293,8,26,1987,8,OT,M,20.0,24.0
13354,13355,9,26,1987,24,OT,M,20.0,21.0
13368,13369,9,26,1987,12,OT,F,21.0,27.0
13378,13379,9,26,1987,12,OT,M,21.0,26.0
13389,13390,9,26,1987,17,OT,F,20.0,20.0
13402,13403,9,26,1987,20,OT,M,20.0,25.0
13408,13409,9,26,1987,19,OT,F,21.0,23.0
13417,13418,9,27,1987,3,OT,F,20.0,23.0
13421,13422,9,27,1987,8,OT,F,20.0,22.0
13435,13436,9,27,1987,8,OT,M,20.0,25.0
13438,13439,9,27,1987,8,OT,M,20.0,25.0
13466,13467,9,27,1987,5,OT,F,20.0,16.0
13473,13474,9,27,1987,9,OT,F,20.0,24.0
13483,13484,9,27,1987,2,OT,M,20.0,24.0
13526,13527,10,24,1987,20,OT,M,22.0,25.0
13570,13571,10,25,1987,3,OT,M,21.0,27.0
13587,13588,10,25,1987,1,OT,M,20.0,27.0
13606,13607,10,25,1987,2,OT,M,21.0,23.0
13628,13629,10,25,1987,13,OT,M,21.0,29.0
13636,13637,10,25,1987,2,OT,F,21.0,24.0
13642,13643,10,25,1987,5,OT,F,16.0,33.0
13673,13674,11,21,1987,12,OT,,20.0,28.0
13724,13725,11,21,1987,17,OT,M,21.0,23.0
13752,13753,11,22,1987,3,OT,F,21.0,24.0
13848,13849,1,23,1988,18,OT,F,20.0,25.0
13908,13909,1,23,1988,17,OT,M,20.0,27.0
13992,13993,1,24,1988,3,OT,M,23.0,24.0
14019,14020,2,21,1988,12,OT,M,20.0,21.0
14088,14089,2,21,1988,17,OT,M,20.0,27.0
14090,14091,2,21,1988,17,OT,F,20.0,26.0
14102,14103,2,22,1988,3,OT,M,20.0,27.0
14115,14116,2,22,1988,9,OT,F,20.0,24.0
14252,14253,3,20,1988,19,OT,F,20.0,30.0
14285,14286,3,21,1988,3,OT,M,21.0,29.0
14287,14288,3,21,1988,2,OT,F,20.0,26.0
14343,14344,4,17,1988,22,OT,F,20.0,27.0
14365,14366,4,17,1988,19,OT,F,20.0,28.0
14374,14375,4,18,1988,17,OT,F,20.0,28.0
14382,14383,4,18,1988,18,OT,M,17.0,9.0
14386,14387,4,18,1988,17,OT,M,22.0,30.0
14400,14401,4,18,1988,18,OT,F,20.0,15.0
14402,14403,4,18,1988,18,OT,F,20.0,28.0
14415,14416,4,19,1988,2,OT,F,20.0,27.0
14466,14467,5,14,1988,17,OT,F,19.0,29.0
14474,14475,5,14,1988,19,OT,F,20.0,27.0
14520,14521,5,15,1988,2,OT,F,20.0,30.0
14532,14533,5,15,1988,15,OT,M,21.0,25.0
14543,14544,6,11,1988,19,OT,M,21.0,23.0
14547,14548,6,11,1988,18,OT,M,20.0,15.0
14553,14554,6,11,1988,19,OT,F,20.0,
14576,14577,6,11,1988,20,OT,F,20.0,28.0
14585,14586,6,11,1988,22,OT,M,21.0,20.0
14589,14590,6,12,1988,3,OT,M,20.0,20.0
14628,14629,6,12,1988,5,OT,F,20.0,24.0
14655,14656,7,14,1988,18,OT,F,21.0,28.0
14679,14680,7,14,1988,17,OT,M,19.0,22.0
14682,14683,7,14,1988,23,OT,M,19.0,24.0
14721,14722,7,15,1988,11,OT,M,21.0,22.0
14732,14733,7,15,1988,11,OT,M,21.0,29.0
14735,14736,7,15,1988,2,OT,F,21.0,38.0
14743,14744,8,9,1988,22,OT,F,21.0,18.0
14754,14755,8,9,1988,6,OT,M,18.0,22.0
14760,14761,8,9,1988,20,OT,F,22.0,26.0
14781,14782,8,9,1988,17,OT,M,20.0,22.0
14782,14783,8,9,1988,6,OT,M,21.0,17.0
14851,14852,9,11,1988,18,OT,M,21.0,20.0
14855,14856,9,11,1988,20,OT,F,21.0,32.0
14856,14857,9,11,1988,18,OT,M,22.0,21.0
14862,14863,9,11,1988,6,OT,M,21.0,26.0
14885,14886,9,12,1988,8,OT,M,19.0,19.0
14890,14891,9,12,1988,13,OT,F,20.0,19.0
14902,14903,9,12,1988,2,OT,M,21.0,21.0
14903,14904,9,12,1988,5,OT,M,22.0,29.0
14913,14914,9,12,1988,5,OT,M,21.0,28.0
14914,14915,9,12,1988,15,OT,F,22.0,27.0
14924,14925,9,12,1988,11,OT,F,21.0,20.0
14936,14937,10,8,1988,12,OT,M,21.0,22.0
14938,14939,10,8,1988,19,OT,M,21.0,23.0
14952,14953,10,8,1988,6,OT,F,20.0,20.0
14953,14954,10,8,1988,22,OT,F,22.0,21.0
14960,14961,10,8,1988,20,OT,F,22.0,25.0
14966,14967,10,8,1988,17,OT,M,23.0,27.0
14974,14975,10,8,1988,21,OT,F,20.0,28.0
14975,14976,10,9,1988,5,OT,M,21.0,25.0
14977,14978,10,9,1988,13,OT,M,20.0,26.0
15005,15006,10,9,1988,5,OT,F,21.0,24.0
15010,15011,10,9,1988,3,OT,M,21.0,22.0
15013,15014,10,9,1988,3,OT,F,21.0,22.0
15018,15019,10,9,1988,13,OT,M,19.0,17.0
15025,15026,10,9,1988,13,OT,M,19.0,19.0
15032,15033,11,5,1988,19,OT,M,21.0,23.0
15034,15035,11,5,1988,20,OT,M,21.0,20.0
15043,15044,11,5,1988,17,OT,M,21.0,22.0
15057,15058,11,5,1988,12,OT,M,21.0,26.0
15061,15062,11,5,1988,21,OT,F,20.0,26.0
15075,15076,11,5,1988,20,OT,F,21.0,24.0
15078,15079,11,5,1988,17,OT,M,21.0,30.0
15089,15090,11,6,1988,8,OT,M,21.0,21.0
15094,15095,11,6,1988,9,OT,F,21.0,25.0
15098,15099,11,6,1988,2,OT,M,21.0,23.0
15133,15134,11,6,1988,2,OT,F,21.0,24.0
15159,15160,11,6,1988,5,OT,F,20.0,22.0
15160,15161,11,6,1988,3,OT,M,21.0,24.0
15167,15168,12,13,1988,17,OT,M,21.0,23.0
15190,15191,12,13,1988,17,OT,M,21.0,27.0
15230,15231,12,14,1988,5,OT,F,20.0,21.0
15250,15251,12,14,1988,3,OT,F,20.0,22.0
15258,15259,12,14,1988,5,OT,F,21.0,24.0
15263,15264,12,14,1988,5,OT,M,20.0,24.0
15305,15306,12,14,1988,5,OT,F,21.0,25.0
15309,15310,1,10,1989,21,OT,M,21.0,24.0
15319,15320,1,10,1989,21,OT,F,21.0,27.0
15326,15327,1,10,1989,6,OT,F,21.0,29.0
15343,15344,1,10,1989,22,OT,M,22.0,23.0
15359,15360,1,10,1989,24,OT,M,21.0,26.0
15369,15370,1,10,1989,21,OT,F,21.0,24.0
15371,15372,1,10,1989,22,OT,M,19.0,24.0
15373,15374,1,10,1989,22,OT,F,21.0,21.0
15412,15413,1,11,1989,8,OT,M,21.0,26.0
15423,15424,1,11,1989,3,OT,M,22.0,24.0
15441,15442,1,11,1989,3,OT,M,20.0,25.0
15445,15446,1,11,1989,5,OT,M,21.0,22.0
15459,15460,1,11,1989,13,OT,M,20.0,30.0
15466,15467,1,11,1989,3,OT,F,21.0,23.0
15538,15539,2,4,1989,21,OT,F,20.0,25.0
15543,15544,2,4,1989,21,OT,F,22.0,22.0
15553,15554,2,4,1989,22,OT,M,20.0,21.0
15562,15563,2,4,1989,21,OT,M,22.0,22.0
15573,15574,2,5,1989,8,OT,M,20.0,23.0
15616,15617,2,5,1989,5,OT,F,21.0,25.0
15637,15638,2,5,1989,3,OT,F,21.0,26.0
15645,15646,2,5,1989,2,OT,M,21.0,24.0
15662,15663,2,5,1989,3,OT,M,21.0,23.0
15680,15681,3,12,1989,24,OT,M,21.0,27.0
15682,15683,3,12,1989,24,OT,F,21.0,24.0
15735,15736,3,13,1989,18,OT,M,21.0,25.0
15743,15744,3,13,1989,20,OT,M,21.0,28.0
15751,15752,3,13,1989,18,OT,F,21.0,26.0
15767,15768,3,13,1989,20,OT,F,21.0,25.0
15800,15801,3,14,1989,3,OT,M,21.0,28.0
15878,15879,4,1,1989,6,OT,F,20.0,27.0
15929,15930,4,2,1989,18,OT,F,21.0,33.0
15955,15956,4,2,1989,17,OT,M,22.0,27.0
15972,15973,5,9,1989,1,OT,M,21.0,13.0
15983,15984,5,9,1989,24,OT,F,21.0,31.0
15993,15994,5,9,1989,24,OT,M,22.0,30.0
15998,15999,5,9,1989,20,OT,F,22.0,28.0
16033,16034,5,10,1989,17,OT,F,22.0,34.0
16071,16072,5,11,1989,5,OT,F,22.0,29.0
16094,16095,6,3,1989,24,OT,F,20.0,26.0
16145,16146,6,3,1989,20,OT,M,21.0,28.0
16148,16149,6,3,1989,20,OT,F,20.0,24.0
16257,16258,7,3,1989,17,OT,M,,22.0
16279,16280,7,4,1989,3,OT,M,,23.0
16282,16283,7,4,1989,9,OT,M,,25.0
16318,16319,7,4,1989,11,OT,M,,14.0
16324,16325,7,29,1989,17,OT,M,21.0,22.0
16325,16326,7,29,1989,24,OT,F,21.0,19.0
16326,16327,7,29,1989,12,OT,F,21.0,18.0
16335,16336,7,29,1989,12,OT,M,18.0,
16360,16361,7,30,1989,5,OT,M,21.0,29.0
16369,16370,7,30,1989,3,OT,F,20.0,27.0
16402,16403,7,30,1989,14,OT,M,21.0,31.0
16410,16411,7,30,1989,2,OT,M,18.0,22.0
16418,16419,9,3,1989,12,OT,M,22.0,22.0
16423,16424,9,3,1989,17,OT,M,21.0,24.0
16427,16428,9,3,1989,23,OT,M,22.0,27.0
16429,16430,9,3,1989,12,OT,F,21.0,22.0
16432,16433,9,3,1989,1,OT,F,20.0,22.0
16435,16436,9,3,1989,1,OT,F,22.0,30.0
16436,16437,9,3,1989,12,OT,M,22.0,29.0
16438,16439,9,3,1989,1,OT,M,21.0,28.0
16443,16444,9,3,1989,23,OT,F,22.0,27.0
16448,16449,9,3,1989,19,OT,F,20.0,25.0
16460,16461,9,4,1989,13,OT,M,21.0,22.0
16474,16475,9,4,1989,5,OT,F,19.0,22.0
16492,16493,10,7,1989,3,OT,F,21.0,23.0
16498,16499,10,7,1989,9,OT,M,21.0,20.0
16500,16501,10,7,1989,9,OT,F,21.0,23.0
16501,16502,10,7,1989,3,OT,M,20.0,21.0
16502,16503,10,7,1989,11,OT,M,21.0,25.0
16513,16514,10,7,1989,8,OT,M,21.0,28.0
16519,16520,10,7,1989,3,OT,M,21.0,22.0
16536,16537,10,7,1989,21,OT,F,21.0,28.0
16549,16550,10,8,1989,17,OT,M,20.0,22.0
16550,16551,10,8,1989,19,OT,M,21.0,22.0
16559,16560,10,8,1989,1,OT,F,21.0,23.0
16570,16571,10,8,1989,1,OT,M,20.0,14.0
16585,16586,10,8,1989,12,OT,M,21.0,26.0
16596,16597,11,4,1989,21,OT,M,20.0,35.0
16601,16602,11,4,1989,6,OT,F,20.0,28.0
16612,16613,11,4,1989,12,OT,M,23.0,32.0
16621,16622,11,4,1989,1,OT,M,21.0,27.0
16627,16628,11,4,1989,12,OT,F,21.0,27.0
16639,16640,11,4,1989,21,OT,F,22.0,27.0
16642,16643,11,4,1989,1,OT,F,21.0,26.0
16657,16658,11,4,1989,12,OT,M,23.0,24.0
16669,16670,11,5,1989,8,OT,F,21.0,18.0
16671,16672,11,5,1989,3,OT,F,20.0,24.0
16678,16679,11,5,1989,13,OT,F,22.0,17.0
16689,16690,11,5,1989,5,OT,M,22.0,30.0
16695,16696,11,5,1989,15,OT,F,22.0,23.0
16699,16700,11,5,1989,11,OT,M,21.0,25.0
16703,16704,11,5,1989,2,OT,M,22.0,22.0
16707,16708,11,5,1989,2,OT,F,20.0,23.0
16717,16718,11,5,1989,9,OT,F,20.0,24.0
16742,16743,12,4,1989,1,OT,F,21.0,19.0
16746,16747,12,4,1989,12,OT,M,22.0,24.0
16760,16761,12,4,1989,12,OT,M,22.0,28.0
16802,16803,12,5,1989,3,OT,M,21.0,24.0
16848,16849,12,5,1989,2,OT,M,21.0,22.0
16864,16865,12,5,1989,5,OT,M,22.0,21.0
16889,16890,1,6,1990,12,OT,M,22.0,23.0
16892,16893,1,6,1990,12,OT,F,21.0,24.0
16893,16894,1,6,1990,1,OT,F,21.0,20.0
16926,16927,1,6,1990,12,OT,M,21.0,28.0
16940,16941,1,7,1990,3,OT,M,21.0,22.0
16960,16961,1,7,1990,2,OT,F,20.0,23.0
17015,17016,1,29,1990,12,OT,M,22.0,22.0
17030,17031,1,29,1990,22,OT,M,22.0,21.0
17063,17064,1,30,1990,3,OT,F,21.0,22.0
17072,17073,1,30,1990,13,OT,F,22.0,21.0
17134,17135,2,24,1990,12,OT,M,21.0,24.0
17147,17148,2,24,1990,19,OT,M,22.0,23.0
17172,17173,2,25,1990,3,OT,F,21.0,23.0
17176,17177,2,25,1990,13,OT,M,20.0,21.0
17183,17184,2,25,1990,3,OT,M,20.0,23.0
17185,17186,2,25,1990,11,OT,M,21.0,23.0
17243,17244,3,29,1990,20,OT,M,21.0,23.0
17275,17276,3,29,1990,12,OT,F,20.0,24.0
17282,17283,3,29,1990,20,OT,F,21.0,23.0
17289,17290,3,29,1990,12,OT,M,21.0,23.0
17321,17322,3,30,1990,3,OT,F,20.0,24.0
17332,17333,3,30,1990,14,OT,M,20.0,23.0
17374,17375,4,24,1990,18,OT,M,21.0,26.0
17404,17405,4,24,1990,12,OT,F,21.0,27.0
17406,17407,4,24,1990,12,OT,M,21.0,25.0
17424,17425,4,25,1990,20,OT,M,20.0,27.0
17431,17432,4,26,1990,3,OT,M,21.0,26.0
17496,17497,5,23,1990,12,OT,F,21.0,24.0
17519,17520,5,24,1990,20,OT,F,21.0,27.0
17544,17545,5,24,1990,2,OT,F,20.0,25.0
17559,17560,5,25,1990,13,OT,F,20.0,25.0
17571,17572,5,25,1990,5,OT,F,20.0,24.0
17581,17582,6,21,1990,1,OT,F,20.0,25.0
17587,17588,6,21,1990,12,OT,F,20.0,27.0
17631,17632,6,22,1990,13,OT,F,21.0,24.0
17649,17650,6,22,1990,5,OT,F,20.0,26.0
17666,17667,7,21,1990,17,OT,F,23.0,18.0
17667,17668,7,21,1990,6,OT,M,20.0,29.0
17669,17670,7,21,1990,19,OT,F,22.0,39.0
17677,17678,7,21,1990,17,OT,M,20.0,24.0
17697,17698,7,22,1990,8,OT,M,18.0,14.0
17700,17701,7,22,1990,13,OT,F,21.0,28.0
17708,17709,7,22,1990,9,OT,M,24.0,20.0
17740,17741,8,16,1990,21,OT,F,21.0,26.0
17763,17764,8,16,1990,12,OT,M,22.0,22.0
17765,17766,8,16,1990,19,OT,F,22.0,34.0
17771,17772,8,17,1990,13,OT,M,22.0,27.0
17775,17776,8,17,1990,13,OT,F,21.0,14.0
17778,17779,8,17,1990,11,OT,M,20.0,13.0
17784,17785,8,17,1990,13,OT,M,21.0,21.0
17853,17854,9,25,1990,13,OT,F,,25.0
17868,17869,9,25,1990,13,OT,M,,25.0
17885,17886,10,15,1990,12,OT,M,20.0,24.0
17892,17893,10,15,1990,12,OT,F,20.0,27.0
17917,17918,10,16,1990,2,OT,F,22.0,24.0
17952,17953,10,17,1990,13,OT,M,21.0,26.0
17956,17957,10,17,1990,21,OT,F,20.0,24.0
17959,17960,10,17,1990,13,OT,F,21.0,24.0
17963,17964,10,17,1990,20,OT,F,21.0,22.0
17969,17970,10,17,1990,13,OT,F,21.0,27.0
17973,17974,11,10,1990,12,OT,F,20.0,28.0
17986,17987,11,10,1990,19,OT,M,20.0,21.0
17996,17997,11,10,1990,2,OT,M,20.0,22.0
17999,18000,11,10,1990,2,OT,F,20.0,20.0
18014,18015,11,11,1990,3,OT,M,20.0,21.0
18020,18021,11,11,1990,3,OT,F,20.0,18.0
18024,18025,11,11,1990,13,OT,M,21.0,28.0
18029,18030,11,11,1990,11,OT,M,21.0,21.0
18054,18055,11,11,1990,3,OT,M,21.0,24.0
18093,18094,12,15,1990,2,OT,F,21.0,26.0
18116,18117,12,15,1990,2,OT,M,21.0,22.0
18119,18120,12,16,1990,3,OT,M,21.0,21.0
18122,18123,12,16,1990,3,OT,F,21.0,20.0
18134,18135,12,16,1990,3,OT,F,21.0,27.0
18171,18172,12,16,1990,11,OT,M,20.0,20.0
18175,18176,12,16,1990,5,OT,F,20.0,22.0
18177,18178,12,16,1990,4,OT,M,21.0,24.0
18227,18228,1,11,1991,2,OT,M,20.0,22.0
18229,18230,1,11,1991,19,OT,F,21.0,24.0
18231,18232,1,11,1991,2,OT,F,20.0,25.0
18241,18242,1,11,1991,22,OT,F,21.0,24.0
18243,18244,1,11,1991,18,OT,M,21.0,25.0
18245,18246,1,11,1991,22,OT,M,21.0,20.0
18276,18277,1,12,1991,3,OT,F,20.0,25.0
18291,18292,1,12,1991,5,OT,,,
18304,18305,1,12,1991,5,OT,M,19.0,22.0
18335,18336,2,16,1991,19,OT,F,21.0,23.0
18342,18343,2,16,1991,2,OT,M,21.0,27.0
18346,18347,2,16,1991,2,OT,F,21.0,24.0
18364,18365,2,16,1991,22,OT,F,21.0,23.0
18366,18367,2,16,1991,22,OT,M,21.0,24.0
18374,18375,2,16,1991,2,OT,M,20.0,24.0
18390,18391,2,17,1991,3,OT,F,20.0,28.0
18429,18430,2,17,1991,3,OT,F,20.0,24.0
18450,18451,3,13,1991,22,OT,M,19.0,27.0
18467,18468,3,13,1991,2,OT,M,20.0,29.0
18500,18501,3,14,1991,13,OT,M,21.0,28.0
18541,18542,3,14,1991,3,OT,M,20.0,28.0
18562,18563,4,19,1991,12,OT,M,19.0,21.0
18594,18595,4,20,1991,20,OT,F,19.0,
18649,18650,5,13,1991,12,OT,,,
18651,18652,5,13,1991,1,OT,F,16.0,34.0
18664,18665,5,13,1991,12,OT,F,20.0,28.0
18681,18682,5,13,1991,24,OT,F,20.0,17.0
18699,18700,5,14,1991,3,OT,F,18.0,11.0
18701,18702,5,14,1991,3,OT,M,19.0,11.0
18718,18719,5,14,1991,3,OT,F,19.0,11.0
18732,18733,6,13,1991,2,OT,F,15.0,28.0
18773,18774,6,14,1991,8,OT,M,21.0,30.0
18817,18818,7,12,1991,18,OT,F,,
18838,18839,7,12,1991,2,OT,F,21.0,21.0
18856,18857,7,13,1991,3,OT,F,16.0,16.0
18860,18861,7,13,1991,13,OT,F,19.0,26.0
18872,18873,7,13,1991,13,OT,M,16.0,24.0
18901,18902,7,13,1991,4,OT,M,27.0,21.0
18908,18909,8,7,1991,2,OT,F,23.0,31.0
18910,18911,8,7,1991,2,OT,M,21.0,20.0
18914,18915,8,7,1991,18,OT,M,22.0,28.0
18924,18925,8,7,1991,12,OT,F,19.0,46.0
18943,18944,8,7,1991,12,OT,M,20.0,29.0
18967,18968,8,8,1991,14,OT,F,22.0,24.0
18976,18977,8,8,1991,13,OT,F,17.0,30.0
18980,18981,8,8,1991,5,OT,M,20.0,25.0
18982,18983,8,8,1991,8,OT,M,22.0,26.0
18991,18992,8,8,1991,13,OT,M,16.0,24.0
18992,18993,8,8,1991,9,OT,F,13.0,26.0
18994,18995,8,8,1991,5,OT,M,20.0,22.0
19001,19002,8,8,1991,5,OT,F,20.0,45.0
19002,19003,8,8,1991,6,OT,F,21.0,21.0
19013,19014,9,9,1991,18,OT,F,20.0,21.0
19015,19016,9,9,1991,1,OT,F,19.0,29.0
19016,19017,9,9,1991,2,OT,M,22.0,22.0
19018,19019,9,9,1991,2,OT,F,22.0,24.0
19027,19028,9,9,1991,18,OT,M,21.0,27.0
19039,19040,9,9,1991,2,OT,F,20.0,18.0
19041,19042,9,9,1991,12,OT,M,21.0,29.0
19046,19047,9,10,1991,24,OT,M,20.0,20.0
19053,19054,9,10,1991,11,OT,M,22.0,25.0
19058,19059,9,10,1991,17,OT,F,20.0,27.0
19064,19065,9,10,1991,24,OT,F,21.0,37.0
19079,19080,9,11,1991,13,OT,F,21.0,26.0
19096,19097,10,10,1991,19,OT,M,19.0,20.0
19123,19124,10,10,1991,2,OT,M,20.0,24.0
19126,19127,10,10,1991,18,OT,M,21.0,25.0
19135,19136,10,10,1991,2,OT,F,21.0,21.0
19139,19140,10,10,1991,17,OT,F,17.0,22.0
19145,19146,10,11,1991,8,OT,M,20.0,22.0
19155,19156,10,11,1991,13,OT,M,20.0,22.0
19158,19159,10,11,1991,3,OT,M,21.0,24.0
19160,19161,10,11,1991,8,OT,F,20.0,22.0
19164,19165,10,11,1991,13,OT,F,14.0,23.0
19181,19182,10,11,1991,3,OT,F,20.0,24.0
19184,19185,10,11,1991,14,OT,M,20.0,20.0
19203,19204,11,13,1991,18,OT,F,23.0,21.0
19207,19208,11,13,1991,22,OT,F,17.0,26.0
19221,19222,11,13,1991,22,OT,M,26.0,26.0
19222,19223,11,13,1991,2,OT,F,20.0,24.0
19228,19229,11,13,1991,19,OT,M,20.0,24.0
19232,19233,11,13,1991,1,OT,F,21.0,24.0
19235,19236,11,13,1991,12,OT,M,20.0,
19237,19238,11,13,1991,2,OT,M,20.0,25.0
19246,19247,11,13,1991,19,OT,M,20.0,22.0
19250,19251,11,13,1991,2,OT,M,19.0,25.0
19266,19267,11,14,1991,9,OT,M,21.0,24.0
19267,19268,11,14,1991,11,OT,M,20.0,24.0
19277,19278,11,14,1991,3,OT,M,21.0,35.0
19331,19332,11,15,1991,5,OT,M,20.0,26.0
19338,19339,11,15,1991,4,OT,F,21.0,24.0
19340,19341,11,15,1991,15,OT,M,20.0,24.0
19358,19359,11,15,1991,4,OT,M,20.0,25.0
19368,19369,11,15,1991,4,OT,M,21.0,26.0
19375,19376,12,7,1991,18,OT,F,19.0,21.0
19376,19377,12,7,1991,19,OT,F,19.0,26.0
19413,19414,12,7,1991,19,OT,M,21.0,25.0
19435,19436,12,7,1991,2,OT,M,20.0,23.0
19436,19437,12,7,1991,17,OT,F,19.0,24.0
19438,19439,12,7,1991,2,OT,M,20.0,24.0
19439,19440,12,7,1991,17,OT,M,20.0,27.0
19469,19470,12,8,1991,9,OT,M,21.0,22.0
19480,19481,12,8,1991,4,OT,F,18.0,22.0
19482,19483,12,8,1991,3,OT,M,21.0,36.0
19485,19486,12,8,1991,3,OT,M,22.0,23.0
19508,19509,12,8,1991,8,OT,M,20.0,23.0
19529,19530,12,8,1991,4,OT,M,19.0,21.0
19559,19560,1,8,1992,19,OT,M,15.0,20.0
19562,19563,1,8,1992,18,OT,F,18.0,23.0
19571,19572,1,8,1992,19,OT,M,18.0,20.0
19575,19576,1,8,1992,2,OT,M,19.0,22.0
19597,19598,1,9,1992,8,OT,F,16.0,23.0
19613,19614,1,9,1992,9,OT,M,16.0,23.0
19623,19624,1,9,1992,4,OT,M,22.0,22.0
19625,19626,1,9,1992,5,OT,M,19.0,26.0
19626,19627,1,9,1992,4,OT,F,17.0,23.0
19629,19630,1,9,1992,13,OT,M,20.0,35.0
19630,19631,1,9,1992,4,OT,M,20.0,23.0
19633,19634,1,9,1992,5,OT,F,20.0,23.0
19638,19639,2,6,1992,2,OT,M,21.0,20.0
19641,19642,2,6,1992,12,OT,M,20.0,33.0
19685,19686,2,7,1992,9,OT,M,22.0,24.0
19687,19688,2,7,1992,3,OT,M,22.0,24.0
19699,19700,2,7,1992,11,OT,M,21.0,28.0
19714,19715,2,7,1992,4,OT,F,20.0,22.0
19737,19738,2,8,1992,14,OT,M,20.0,22.0
19834,19835,3,8,1992,8,OT,M,22.0,28.0
19855,19856,3,8,1992,8,OT,M,22.0,24.0
19858,19859,3,8,1992,5,OT,M,21.0,31.0
19955,19956,5,2,1992,1,OT,F,21.0,24.0
20013,20014,5,30,1992,2,OT,F,21.0,23.0
20018,20019,5,30,1992,1,OT,F,20.0,26.0
20019,20020,5,30,1992,2,OT,M,19.0,16.0
20023,20024,5,30,1992,2,OT,M,23.0,30.0
20035,20036,5,30,1992,2,OT,M,19.0,28.0
20110,20111,7,3,1992,17,OT,F,50.0,23.0
20127,20128,7,4,1992,13,OT,F,21.0,29.0
20152,20153,7,4,1992,3,OT,M,20.0,16.0
20203,20204,7,30,1992,1,OT,F,21.0,36.0
20204,20205,7,30,1992,2,OT,M,22.0,23.0
20216,20217,7,31,1992,11,OT,F,22.0,31.0
20233,20234,7,31,1992,13,OT,M,20.0,34.0
20309,20310,8,30,1992,11,OT,M,20.0,19.0
20321,20322,8,30,1992,4,OT,M,21.0,31.0
20387,20388,9,27,1992,3,OT,M,17.0,24.0
20440,20441,10,18,1992,12,OT,F,20.0,25.0
20450,20451,10,18,1992,21,OT,M,18.0,22.0
20461,20462,10,18,1992,2,OT,M,21.0,23.0
20517,20518,10,19,1992,3,OT,M,19.0,25.0
20615,20616,1,25,1993,5,OT,M,13.0,24.0
20682,20683,2,26,1993,5,OT,M,19.0,25.0
20685,20686,2,26,1993,5,OT,F,20.0,25.0
20727,20728,3,17,1993,2,OT,M,17.0,26.0
20728,20729,3,17,1993,17,OT,M,20.0,26.0
20749,20750,3,18,1993,5,OT,M,19.0,27.0
20838,20839,5,22,1993,12,OT,M,20.0,21.0
20844,20845,5,22,1993,12,OT,F,17.0,17.0
20865,20866,5,23,1993,11,OT,F,21.0,27.0
20877,20878,5,23,1993,5,OT,M,18.0,27.0
20906,20907,6,18,1993,18,OT,F,21.0,26.0
21031,21032,8,19,1993,19,OT,M,20.0,14.0
21054,21055,8,19,1993,12,OT,M,20.0,11.0
21073,21074,8,20,1993,9,OT,M,21.0,24.0
21177,21178,10,16,1993,9,OT,F,20.0,16.0
21215,21216,11,13,1993,17,OT,M,20.0,24.0
21217,21218,11,13,1993,1,OT,F,21.0,20.0
21261,21262,11,14,1993,8,OT,M,20.0,25.0
21263,21264,11,14,1993,5,OT,M,20.0,24.0
21277,21278,12,14,1993,18,OT,M,19.0,22.0
21312,21313,12,15,1993,13,OT,M,20.0,19.0
21318,21319,12,15,1993,5,OT,M,21.0,22.0
21330,21331,2,1,1994,1,OT,F,20.0,20.0
21339,21340,2,1,1994,2,OT,M,20.0,36.0
21356,21357,2,2,1994,5,OT,M,20.0,22.0
21364,21365,2,3,1994,13,OT,M,20.0,26.0
21373,21374,2,3,1994,5,OT,F,20.0,24.0
21376,21377,2,3,1994,13,OT,F,21.0,18.0
21378,21379,2,3,1994,13,OT,M,21.0,18.0
21399,21400,2,20,1994,2,OT,M,20.0,27.0
21415,21416,2,21,1994,3,OT,M,20.0,27.0
21428,21429,2,22,1994,13,OT,M,21.0,21.0
21446,21447,3,11,1994,17,OT,F,21.0,24.0
21449,21450,3,11,1994,17,OT,M,22.0,26.0
21456,21457,3,12,1994,9,OT,M,21.0,25.0
21479,21480,3,12,1994,8,OT,M,21.0,23.0
21491,21492,4,10,1994,2,OT,M,21.0,31.0
21493,21494,4,10,1994,2,OT,F,20.0,30.0
21508,21509,4,10,1994,12,OT,M,20.0,24.0
21534,21535,4,11,1994,13,OT,M,22.0,22.0
21576,21577,5,18,1994,2,OT,M,20.0,32.0
21605,21606,5,19,1994,13,OT,M,22.0,28.0
21697,21698,7,9,1994,13,OT,F,21.0,27.0
22258,22259,4,30,1995,13,OT,F,21.0,23.0
22421,22422,6,28,1995,13,OT,F,22.0,32.0
22491,22492,7,21,1995,8,OT,F,22.0,28.0
22554,22555,8,26,1995,20,OT,F,22.0,29.0
22565,22566,8,26,1995,2,OT,F,23.0,19.0
22612,22613,8,27,1995,6,OT,M,20.0,19.0
22624,22625,8,27,1995,6,OT,M,19.0,25.0
22652,22653,8,27,1995,4,OT,F,19.0,27.0
22658,22659,8,27,1995,6,OT,F,20.0,23.0
22718,22719,9,23,1995,2,OT,M,20.0,27.0
22722,22723,9,23,1995,17,OT,F,20.0,31.0
22767,22768,9,24,1995,15,OT,M,20.0,26.0
22784,22785,9,24,1995,13,OT,F,21.0,35.0
22789,22790,9,24,1995,15,OT,F,20.0,23.0
22792,22793,9,24,1995,11,OT,M,19.0,20.0
22825,22826,9,24,1995,6,OT,M,20.0,24.0
22853,22854,10,28,1995,12,OT,F,21.0,22.0
22890,22891,10,28,1995,1,OT,F,21.0,21.0
22896,22897,10,28,1995,17,OT,F,20.0,26.0
22901,22902,10,28,1995,22,OT,M,20.0,23.0
22912,22913,10,29,1995,3,OT,F,21.0,25.0
22914,22915,10,29,1995,3,OT,M,19.0,26.0
22927,22928,10,29,1995,15,OT,F,20.0,19.0
22929,22930,10,29,1995,6,OT,F,17.0,27.0
22966,22967,10,29,1995,15,OT,M,21.0,23.0
23036,23037,12,2,1995,17,OT,F,21.0,28.0
23037,23038,12,2,1995,2,OT,F,21.0,23.0
23073,23074,12,3,1995,5,OT,M,19.0,25.0
23093,23094,12,3,1995,5,OT,F,19.0,25.0
23095,23096,12,3,1995,5,OT,M,20.0,20.0
23136,23137,12,21,1995,17,OT,F,22.0,27.0
23150,23151,12,21,1995,2,OT,F,19.0,22.0
23162,23163,12,21,1995,7,OT,F,21.0,23.0
23163,23164,12,21,1995,2,OT,M,20.0,29.0
23167,23168,12,21,1995,1,OT,F,22.0,31.0
23175,23176,12,22,1995,11,OT,F,20.0,27.0
23179,23180,12,22,1995,11,OT,M,20.0,22.0
23180,23181,12,22,1995,4,OT,M,20.0,20.0
23261,23262,1,27,1996,1,OT,M,21.0,25.0
23394,23395,2,24,1996,1,OT,F,20.0,23.0
23397,23398,2,24,1996,1,OT,M,21.0,26.0
23433,23434,2,25,1996,13,OT,F,22.0,23.0
23491,23492,2,25,1996,5,OT,F,21.0,28.0
23553,23554,3,23,1996,1,OT,F,22.0,23.0
23554,23555,3,23,1996,12,OT,F,22.0,24.0
23572,23573,3,23,1996,1,OT,M,21.0,25.0
23578,23579,3,23,1996,17,OT,F,21.0,31.0
23607,23608,3,24,1996,6,OT,F,19.0,30.0
23707,23708,4,14,1996,12,OT,F,22.0,23.0
23756,23757,4,15,1996,5,OT,F,20.0,25.0
23822,23823,4,15,1996,3,OT,M,21.0,29.0
23963,23964,5,24,1996,13,OT,M,20.0,26.0
23986,23987,5,24,1996,13,OT,F,22.0,27.0
24008,24009,5,24,1996,5,OT,F,20.0,30.0
24020,24021,6,13,1996,20,OT,M,22.0,30.0
24056,24057,6,13,1996,20,OT,F,23.0,24.0
24072,24073,6,13,1996,12,OT,M,19.0,25.0
24161,24162,6,14,1996,5,OT,F,20.0,29.0
24163,24164,6,14,1996,15,OT,M,21.0,26.0
24175,24176,7,20,1996,2,OT,F,19.0,23.0
24207,24208,7,20,1996,17,OT,M,22.0,28.0
24253,24254,7,21,1996,9,OT,M,20.0,32.0
24254,24255,7,21,1996,5,OT,M,20.0,22.0
24265,24266,7,21,1996,11,OT,M,20.0,19.0
24356,24357,8,15,1996,6,OT,M,20.0,22.0
24358,24359,8,15,1996,5,OT,F,21.0,22.0
24379,24380,8,15,1996,6,OT,M,20.0,24.0
24382,24383,8,15,1996,6,OT,F,21.0,21.0
24393,24394,9,21,1996,21,OT,M,21.0,23.0
24401,24402,9,21,1996,20,OT,F,20.0,27.0
24412,24413,9,21,1996,2,OT,F,19.0,31.0
24414,24415,9,21,1996,20,OT,M,20.0,21.0
24418,24419,9,21,1996,17,OT,M,19.0,13.0
24420,24421,9,21,1996,17,OT,F,22.0,22.0
24425,24426,9,21,1996,2,OT,M,22.0,27.0
24431,24432,9,21,1996,21,OT,M,22.0,15.0
24440,24441,9,21,1996,12,OT,F,20.0,29.0
24446,24447,9,21,1996,12,OT,M,23.0,27.0
24447,24448,9,21,1996,20,OT,M,20.0,20.0
24455,24456,9,21,1996,22,OT,F,22.0,24.0
24469,24470,9,22,1996,6,OT,F,20.0,25.0
24471,24472,9,22,1996,13,OT,F,20.0,16.0
24476,24477,9,22,1996,13,OT,F,20.0,18.0
24478,24479,9,22,1996,13,OT,F,21.0,28.0
24480,24481,9,22,1996,11,OT,F,20.0,24.0
24481,24482,9,22,1996,13,OT,M,20.0,14.0
24497,24498,9,22,1996,3,OT,F,21.0,16.0
24500,24501,9,22,1996,13,OT,M,20.0,21.0
24503,24504,9,22,1996,16,OT,M,20.0,22.0
24505,24506,9,22,1996,3,OT,F,20.0,19.0
24518,24519,9,22,1996,15,OT,F,21.0,27.0
24522,24523,9,22,1996,15,OT,M,20.0,16.0
24523,24524,9,22,1996,8,OT,F,21.0,25.0
24533,24534,9,22,1996,4,OT,F,21.0,28.0
24535,24536,10,12,1996,1,OT,M,20.0,25.0
24541,24542,10,12,1996,19,OT,M,19.0,14.0
24553,24554,10,12,1996,12,OT,M,22.0,22.0
24562,24563,10,12,1996,21,OT,M,21.0,20.0
24569,24570,10,12,1996,17,OT,M,21.0,17.0
24591,24592,10,12,1996,12,OT,F,21.0,25.0
24593,24594,10,12,1996,1,OT,F,21.0,30.0
24599,24600,10,13,1996,3,OT,M,21.0,23.0
24601,24602,10,13,1996,11,OT,F,21.0,24.0
24603,24604,10,13,1996,6,OT,F,20.0,17.0
24606,24607,10,13,1996,15,OT,M,21.0,21.0
24607,24608,10,13,1996,3,OT,F,22.0,24.0
24608,24609,10,13,1996,8,OT,F,20.0,21.0
24618,24619,10,13,1996,15,OT,M,20.0,26.0
24627,24628,10,13,1996,3,OT,F,21.0,22.0
24635,24636,10,13,1996,3,OT,M,21.0,28.0
24642,24643,10,13,1996,6,OT,M,20.0,23.0
24647,24648,10,13,1996,14,OT,M,21.0,22.0
24652,24653,10,13,1996,14,OT,M,18.0,13.0
24653,24654,10,13,1996,4,OT,F,20.0,24.0
24655,24656,10,13,1996,6,OT,F,21.0,22.0
24657,24658,10,13,1996,14,OT,F,21.0,19.0
24685,24686,11,16,1996,17,OT,F,22.0,25.0
24686,24687,11,16,1996,22,OT,F,22.0,25.0
24694,24695,11,16,1996,22,OT,M,21.0,21.0
24697,24698,11,16,1996,20,OT,F,20.0,21.0
24704,24705,11,16,1996,2,OT,F,22.0,27.0
24709,24710,11,16,1996,1,OT,M,20.0,23.0
24714,24715,11,16,1996,17,OT,M,21.0,20.0
24715,24716,11,16,1996,1,OT,M,21.0,28.0
24740,24741,11,17,1996,13,OT,F,22.0,27.0
24745,24746,11,17,1996,8,OT,F,22.0,24.0
24746,24747,11,17,1996,3,OT,M,20.0,24.0
24751,24752,11,17,1996,3,OT,F,22.0,29.0
24761,24762,11,17,1996,6,OT,F,20.0,18.0
24775,24776,11,17,1996,6,OT,M,20.0,21.0
24777,24778,11,17,1996,13,OT,M,20.0,23.0
24781,24782,11,17,1996,3,OT,F,21.0,22.0
24782,24783,11,17,1996,6,OT,M,20.0,20.0
24785,24786,11,17,1996,6,OT,F,22.0,25.0
24799,24800,12,18,1996,12,OT,F,20.0,20.0
24805,24806,12,18,1996,2,OT,F,20.0,27.0
24807,24808,12,18,1996,17,OT,F,21.0,22.0
24820,24821,12,18,1996,1,OT,M,20.0,24.0
24824,24825,12,18,1996,2,OT,M,20.0,23.0
24834,24835,12,18,1996,12,OT,F,21.0,27.0
24882,24883,12,19,1996,13,OT,F,22.0,25.0
24887,24888,12,19,1996,5,OT,F,21.0,24.0
24897,24898,12,19,1996,8,OT,F,21.0,25.0
24900,24901,12,19,1996,13,OT,F,20.0,20.0
24901,24902,12,19,1996,6,OT,F,20.0,23.0
24911,24912,12,19,1996,13,OT,M,18.0,25.0
24922,24923,2,8,1997,1,OT,M,19.0,22.0
24923,24924,2,8,1997,20,OT,F,20.0,19.0
24943,24944,2,8,1997,7,OT,M,21.0,22.0
24980,24981,2,8,1997,2,OT,M,20.0,24.0
24987,24988,2,8,1997,1,OT,M,20.0,29.0
24995,24996,2,8,1997,7,OT,M,22.0,28.0
25038,25039,2,9,1997,4,OT,M,19.0,25.0
25040,25041,2,9,1997,11,OT,M,20.0,25.0
25052,25053,2,9,1997,6,OT,F,22.0,25.0
25056,25057,2,9,1997,11,OT,M,21.0,23.0
25057,25058,2,9,1997,8,OT,F,20.0,23.0
25074,25075,2,9,1997,3,OT,M,20.0,23.0
25077,25078,2,9,1997,9,OT,M,20.0,22.0
25079,25080,2,9,1997,4,OT,F,20.0,26.0
25092,25093,2,9,1997,3,OT,F,21.0,24.0
25110,25111,2,9,1997,14,OT,F,20.0,20.0
25125,25126,2,9,1997,11,OT,F,21.0,22.0
25137,25138,2,9,1997,13,OT,F,20.0,20.0
25147,25148,2,9,1997,8,OT,M,20.0,24.0
25160,25161,3,15,1997,20,OT,F,19.0,25.0
25168,25169,3,15,1997,17,OT,M,20.0,27.0
25205,25206,3,15,1997,2,OT,F,21.0,39.0
25232,25233,3,15,1997,2,OT,M,20.0,32.0
25238,25239,3,15,1997,1,OT,F,21.0,30.0
25247,25248,3,15,1997,12,OT,F,21.0,29.0
25254,25255,3,15,1997,17,OT,F,22.0,28.0
25260,25261,3,15,1997,2,OT,M,20.0,27.0
25287,25288,3,15,1997,22,OT,F,18.0,27.0
25310,25311,3,16,1997,8,OT,M,20.0,29.0
25312,25313,3,16,1997,16,OT,F,21.0,31.0
25319,25320,3,16,1997,8,OT,F,20.0,23.0
25324,25325,3,16,1997,6,OT,F,19.0,24.0
25333,25334,3,16,1997,15,OT,F,19.0,25.0
25339,25340,3,16,1997,6,OT,F,20.0,36.0
25343,25344,3,16,1997,3,OT,F,21.0,28.0
25361,25362,3,16,1997,11,OT,F,20.0,24.0
25369,25370,3,16,1997,15,OT,M,19.0,26.0
25372,25373,3,16,1997,9,OT,M,20.0,28.0
25386,25387,3,16,1997,4,OT,F,20.0,27.0
25434,25435,4,12,1997,17,OT,F,20.0,31.0
25482,25483,4,12,1997,17,OT,F,20.0,30.0
25485,25486,4,12,1997,2,OT,F,21.0,29.0
25505,25506,4,12,1997,18,OT,F,22.0,38.0
25540,25541,4,12,1997,1,OT,F,21.0,31.0
25548,25549,4,12,1997,17,OT,M,21.0,30.0
25557,25558,4,13,1997,3,OT,F,20.0,27.0
25563,25564,4,13,1997,14,OT,M,20.0,28.0
25586,25587,4,13,1997,5,OT,F,20.0,29.0
25591,25592,4,13,1997,11,OT,F,21.0,34.0
25615,25616,4,13,1997,8,OT,M,21.0,32.0
25630,25631,4,13,1997,15,OT,F,17.0,26.0
25634,25635,4,13,1997,11,OT,F,20.0,29.0
25643,25644,4,13,1997,4,OT,F,20.0,26.0
25659,25660,4,13,1997,8,OT,F,20.0,38.0
25665,25666,4,13,1997,11,OT,M,20.0,27.0
25682,25683,5,10,1997,12,OT,M,20.0,29.0
25685,25686,5,10,1997,17,OT,F,20.0,30.0
25688,25689,5,10,1997,12,OT,F,18.0,20.0
25689,25690,5,10,1997,22,OT,F,20.0,32.0
25690,25691,5,10,1997,1,OT,M,20.0,19.0
25697,25698,5,10,1997,22,OT,M,21.0,31.0
25704,25705,5,10,1997,17,OT,F,20.0,20.0
25720,25721,5,10,1997,12,OT,M,20.0,28.0
25722,25723,5,10,1997,22,OT,F,19.0,12.0
25749,25750,5,10,1997,1,OT,M,20.0,22.0
25751,25752,5,10,1997,21,OT,M,20.0,22.0
25754,25755,5,10,1997,17,OT,M,20.0,27.0
25760,25761,5,10,1997,2,OT,M,21.0,27.0
25762,25763,5,10,1997,22,OT,F,16.0,11.0
25769,25770,5,10,1997,12,OT,F,21.0,
25786,25787,5,10,1997,1,OT,F,20.0,20.0
25800,25801,5,10,1997,1,OT,M,20.0,19.0
25838,25839,5,10,1997,2,OT,F,22.0,31.0
25840,25841,5,11,1997,6,OT,F,20.0,26.0
25842,25843,5,11,1997,14,OT,F,21.0,29.0
25846,25847,5,11,1997,3,OT,F,21.0,31.0
25885,25886,5,11,1997,3,OT,M,20.0,31.0
25894,25895,5,11,1997,11,OT,F,20.0,31.0
25898,25899,5,11,1997,11,OT,F,20.0,11.0
25930,25931,5,11,1997,6,OT,M,19.0,28.0
25931,25932,5,11,1997,5,OT,F,21.0,33.0
25934,25935,5,11,1997,4,OT,F,20.0,28.0
25936,25937,5,11,1997,15,OT,F,20.0,25.0
25937,25938,5,11,1997,5,OT,F,18.0,29.0
25940,25941,6,9,1997,3,OT,F,20.0,22.0
25942,25943,6,9,1997,6,OT,F,21.0,25.0
25965,25966,6,9,1997,4,OT,F,20.0,25.0
25968,25969,6,9,1997,3,OT,F,18.0,11.0
25972,25973,6,9,1997,2,OT,M,19.0,18.0
25978,25979,6,9,1997,5,OT,F,20.0,29.0
25989,25990,6,9,1997,1,OT,M,19.0,21.0
25992,25993,6,9,1997,1,OT,M,21.0,28.0
26003,26004,6,9,1997,6,OT,M,20.0,19.0
26005,26006,6,9,1997,3,OT,M,20.0,21.0
26007,26008,6,9,1997,6,OT,M,20.0,25.0
26014,26015,6,9,1997,2,OT,F,21.0,31.0
26031,26032,6,9,1997,5,OT,M,20.0,27.0
26037,26038,6,10,1997,8,OT,F,22.0,21.0
26042,26043,6,10,1997,9,OT,F,22.0,16.0
26046,26047,6,10,1997,18,OT,M,22.0,30.0
26052,26053,6,10,1997,12,OT,F,20.0,17.0
26054,26055,6,10,1997,8,OT,M,20.0,23.0
26067,26068,6,10,1997,8,OT,M,21.0,28.0
26083,26084,6,10,1997,17,OT,M,20.0,21.0
26084,26085,6,10,1997,18,OT,F,22.0,31.0
26085,26086,6,10,1997,17,OT,F,21.0,17.0
26092,26093,6,10,1997,12,OT,M,21.0,28.0
26094,26095,6,10,1997,8,OT,M,19.0,21.0
26097,26098,6,10,1997,9,OT,F,,
26100,26101,6,10,1997,12,OT,M,20.0,28.0
26115,26116,6,10,1997,8,OT,F,21.0,33.0
26117,26118,6,10,1997,9,OT,F,19.0,38.0
26132,26133,6,10,1997,9,OT,M,21.0,31.0
26155,26156,6,11,1997,21,OT,M,20.0,20.0
26156,26157,6,11,1997,14,OT,F,21.0,34.0
26209,26210,6,11,1997,15,OT,F,20.0,25.0
26223,26224,6,11,1997,14,OT,F,21.0,20.0
26234,26235,7,9,1997,17,OT,M,18.0,14.0
26238,26239,7,9,1997,3,OT,F,21.0,26.0
26239,26240,7,9,1997,5,OT,M,20.0,24.0
26276,26277,7,9,1997,6,OT,M,20.0,14.0
26305,26306,7,9,1997,6,OT,M,20.0,27.0
26307,26308,7,9,1997,9,OT,M,21.0,24.0
26314,26315,7,9,1997,14,OT,F,21.0,28.0
26318,26319,7,9,1997,18,OT,F,21.0,26.0
26326,26327,7,9,1997,20,OT,F,19.0,22.0
26337,26338,7,9,1997,20,OT,M,21.0,22.0
26340,26341,7,9,1997,2,OT,M,20.0,30.0
26352,26353,7,9,1997,5,OT,M,20.0,26.0
26354,26355,7,9,1997,9,OT,M,21.0,28.0
26363,26364,7,9,1997,12,OT,M,21.0,30.0
26367,26368,7,9,1997,15,OT,M,20.0,22.0
26369,26370,7,9,1997,11,OT,M,21.0,29.0
26370,26371,7,9,1997,8,OT,M,20.0,25.0
26407,26408,7,9,1997,11,OT,F,19.0,35.0
26426,26427,7,9,1997,6,OT,F,20.0,26.0
26449,26450,7,9,1997,6,OT,M,21.0,20.0
26484,26485,7,9,1997,13,OT,M,20.0,30.0
26491,26492,7,9,1997,15,OT,F,21.0,24.0
26506,26507,7,9,1997,2,OT,F,20.0,28.0
26514,26515,7,9,1997,1,OT,M,20.0,23.0
26517,26518,7,9,1997,5,OT,M,20.0,21.0
26518,26519,7,9,1997,14,OT,F,20.0,24.0
26530,26531,7,9,1997,4,OT,F,20.0,19.0
26542,26543,7,29,1997,17,OT,M,22.0,20.0
26564,26565,7,29,1997,2,OT,M,20.0,18.0
26569,26570,7,29,1997,1,OT,F,20.0,23.0
26586,26587,7,29,1997,12,OT,F,,21.0
26603,26604,7,29,1997,2,OT,M,20.0,28.0
26610,26611,7,29,1997,22,OT,F,20.0,19.0
26612,26613,7,29,1997,2,OT,M,20.0,24.0
26617,26618,7,29,1997,12,OT,M,21.0,29.0
26636,26637,7,29,1997,21,OT,F,20.0,25.0
26644,26645,7,29,1997,23,OT,M,21.0,22.0
26646,26647,7,29,1997,19,OT,M,21.0,23.0
26663,26664,7,30,1997,6,OT,F,21.0,29.0
26679,26680,7,30,1997,8,OT,F,22.0,34.0
26705,26706,7,30,1997,4,OT,M,19.0,27.0
26710,26711,7,30,1997,14,OT,F,19.0,21.0
26721,26722,7,30,1997,6,OT,M,20.0,24.0
26771,26772,9,27,1997,1,OT,F,21.0,28.0
26779,26780,9,27,1997,22,OT,F,21.0,24.0
26799,26800,9,27,1997,12,OT,M,21.0,29.0
26807,26808,9,27,1997,2,OT,F,21.0,34.0
26813,26814,9,27,1997,1,OT,F,21.0,23.0
26821,26822,9,27,1997,17,OT,F,21.0,21.0
26822,26823,9,27,1997,12,OT,M,20.0,24.0
26823,26824,9,27,1997,17,OT,F,21.0,29.0
26830,26831,9,27,1997,1,OT,M,22.0,21.0
26832,26833,9,27,1997,19,OT,M,21.0,22.0
26838,26839,9,27,1997,12,OT,M,20.0,26.0
26841,26842,9,27,1997,2,OT,M,21.0,26.0
26846,26847,9,27,1997,12,OT,F,21.0,24.0
26848,26849,9,27,1997,20,OT,F,20.0,20.0
26861,26862,9,27,1997,1,OT,F,20.0,27.0
26867,26868,9,27,1997,1,OT,M,22.0,23.0
26870,26871,9,27,1997,17,OT,M,22.0,22.0
26879,26880,9,28,1997,5,OT,F,21.0,23.0
26881,26882,9,28,1997,9,OT,F,21.0,21.0
26887,26888,9,28,1997,14,OT,M,21.0,21.0
26899,26900,9,28,1997,13,OT,M,20.0,24.0
26904,26905,9,28,1997,4,OT,M,19.0,28.0
26905,26906,9,28,1997,8,OT,M,21.0,19.0
26911,26912,9,28,1997,13,OT,F,20.0,22.0
26916,26917,9,28,1997,8,OT,M,20.0,23.0
26919,26920,9,28,1997,4,OT,F,19.0,24.0
26924,26925,9,28,1997,16,OT,F,19.0,26.0
26926,26927,9,28,1997,14,OT,F,20.0,18.0
26938,26939,9,28,1997,16,OT,M,20.0,26.0
26940,26941,9,28,1997,9,OT,M,21.0,22.0
26946,26947,9,28,1997,6,OT,M,21.0,24.0
26959,26960,10,25,1997,12,OT,M,21.0,24.0
26961,26962,10,25,1997,21,OT,M,19.0,26.0
26973,26974,10,25,1997,21,OT,F,19.0,25.0
26991,26992,10,25,1997,22,OT,F,21.0,23.0
27005,27006,10,25,1997,21,OT,M,19.0,23.0
27006,27007,10,25,1997,17,OT,F,20.0,24.0
27011,27012,10,25,1997,17,OT,M,21.0,23.0
27023,27024,10,25,1997,12,OT,F,20.0,26.0
27046,27047,10,25,1997,1,OT,F,20.0,26.0
27047,27048,10,25,1997,12,OT,M,20.0,22.0
27053,27054,10,25,1997,22,OT,M,22.0,21.0
27057,27058,10,26,1997,6,OT,F,20.0,21.0
27058,27059,10,26,1997,8,OT,M,20.0,25.0
27060,27061,10,26,1997,9,OT,F,20.0,23.0
27070,27071,10,26,1997,3,OT,F,20.0,25.0
27096,27097,10,26,1997,11,OT,M,20.0,19.0
27105,27106,10,26,1997,6,OT,M,20.0,27.0
27112,27113,10,26,1997,13,OT,F,19.0,23.0
27119,27120,10,26,1997,6,OT,M,21.0,26.0
27123,27124,10,26,1997,14,OT,M,21.0,25.0
27124,27125,10,26,1997,3,OT,M,20.0,24.0
27134,27135,11,22,1997,21,OT,F,21.0,25.0
27142,27143,11,22,1997,23,OT,M,21.0,20.0
27146,27147,11,22,1997,5,OT,M,20.0,21.0
27151,27152,11,22,1997,12,OT,M,20.0,23.0
27155,27156,11,22,1997,1,OT,M,20.0,25.0
27166,27167,11,22,1997,14,OT,F,20.0,21.0
27170,27171,11,22,1997,8,OT,M,20.0,21.0
27187,27188,11,22,1997,15,OT,F,20.0,22.0
27191,27192,11,22,1997,2,OT,F,21.0,24.0
27212,27213,11,22,1997,22,OT,M,21.0,20.0
27214,27215,11,22,1997,17,OT,F,20.0,22.0
27218,27219,11,22,1997,1,OT,M,19.0,25.0
27220,27221,11,22,1997,2,OT,M,21.0,22.0
27225,27226,11,22,1997,15,OT,F,20.0,23.0
27233,27234,11,22,1997,3,OT,M,20.0,23.0
27236,27237,11,22,1997,1,OT,F,20.0,26.0
27241,27242,11,22,1997,4,OT,F,19.0,23.0
27245,27246,11,22,1997,12,OT,F,21.0,26.0
27246,27247,11,22,1997,18,OT,F,21.0,23.0
27248,27249,11,22,1997,14,OT,M,21.0,22.0
27252,27253,11,22,1997,14,OT,F,20.0,26.0
27257,27258,11,22,1997,4,OT,M,21.0,23.0
27258,27259,11,22,1997,6,OT,M,21.0,22.0
27264,27265,11,22,1997,17,OT,M,19.0,24.0
27274,27275,11,22,1997,1,OT,F,19.0,25.0
27282,27283,11,22,1997,21,OT,M,20.0,21.0
27288,27289,11,22,1997,10,OT,F,20.0,18.0
27322,27323,12,28,1997,2,OT,M,20.0,22.0
27323,27324,12,28,1997,17,OT,M,21.0,27.0
27331,27332,12,28,1997,17,OT,F,21.0,22.0
27339,27340,12,28,1997,17,OT,M,19.0,22.0
27342,27343,12,28,1997,2,OT,F,20.0,26.0
27349,27350,12,28,1997,12,OT,M,21.0,23.0
27354,27355,12,28,1997,12,OT,F,20.0,25.0
27356,27357,12,29,1997,10,OT,F,20.0,21.0
27364,27365,12,29,1997,14,OT,F,21.0,21.0
27372,27373,12,29,1997,4,OT,M,19.0,26.0
27380,27381,12,29,1997,14,OT,M,20.0,25.0
27381,27382,12,29,1997,4,OT,F,21.0,24.0
27382,27383,12,29,1997,15,OT,M,20.0,22.0
27389,27390,12,29,1997,13,OT,M,20.0,24.0
27393,27394,12,29,1997,6,OT,F,21.0,28.0
27400,27401,12,29,1997,14,OT,M,20.0,24.0
27401,27402,12,29,1997,4,OT,M,21.0,22.0
27406,27407,12,29,1997,6,OT,F,20.0,20.0
27411,27412,12,29,1997,13,OT,F,20.0,24.0
27417,27418,1,31,1998,19,OT,M,21.0,18.0
27437,27438,1,31,1998,2,OT,F,21.0,25.0
27445,27446,1,31,1998,12,OT,F,20.0,22.0
27449,27450,1,31,1998,17,OT,F,20.0,22.0
27455,27456,1,31,1998,12,OT,M,20.0,23.0
27458,27459,1,31,1998,22,OT,M,20.0,24.0
27460,27461,1,31,1998,2,OT,M,21.0,22.0
27462,27463,1,31,1998,17,OT,M,21.0,24.0
27464,27465,1,31,1998,17,OT,M,20.0,23.0
27468,27469,1,31,1998,17,OT,F,20.0,24.0
27478,27479,2,1,1998,4,OT,F,20.0,23.0
27497,27498,2,1,1998,6,OT,F,20.0,20.0
27499,27500,2,1,1998,13,OT,F,19.0,25.0
27504,27505,2,1,1998,11,OT,F,21.0,22.0
27509,27510,2,1,1998,6,OT,M,20.0,23.0
27513,27514,2,1,1998,14,OT,M,21.0,22.0
27514,27515,2,1,1998,14,OT,M,20.0,23.0
27515,27516,2,1,1998,11,OT,M,20.0,23.0
27526,27527,2,1,1998,4,OT,M,20.0,26.0
27529,27530,2,1,1998,6,OT,F,20.0,21.0
27534,27535,2,1,1998,6,OT,M,20.0,23.0
27545,27546,3,1,1998,22,OT,M,21.0,
27551,27552,3,1,1998,20,OT,F,20.0,
27564,27565,3,1,1998,22,OT,M,20.0,
27573,27574,3,1,1998,12,OT,F,20.0,
27575,27576,3,1,1998,17,OT,M,21.0,
27578,27579,3,1,1998,17,OT,F,20.0,
27584,27585,3,1,1998,12,OT,M,21.0,
27598,27599,3,2,1998,4,OT,F,20.0,
27599,27600,3,2,1998,6,OT,F,20.0,
27602,27603,3,2,1998,14,OT,M,21.0,
27650,27651,3,2,1998,11,OT,M,20.0,
27652,27653,3,2,1998,13,OT,M,21.0,
27654,27655,3,2,1998,6,OT,M,20.0,
27659,27660,3,2,1998,11,OT,F,21.0,
27661,27662,3,2,1998,13,OT,F,20.0,
27668,27669,3,2,1998,6,OT,F,20.0,
27691,27692,3,29,1998,17,OT,M,20.0,28.0
27718,27719,3,29,1998,1,OT,F,21.0,30.0
27726,27727,3,29,1998,2,OT,M,21.0,23.0
27749,27750,5,2,1998,12,OT,F,19.0,14.0
27776,27777,5,2,1998,1,OT,F,19.0,35.0
27779,27780,5,2,1998,2,OT,M,19.0,29.0
27787,27788,5,2,1998,12,OT,F,20.0,31.0
27797,27798,5,2,1998,18,OT,M,20.0,29.0
27804,27805,5,3,1998,13,OT,F,19.0,28.0
27828,27829,5,3,1998,4,OT,M,18.0,13.0
27835,27836,5,3,1998,4,OT,F,19.0,13.0
27836,27837,5,3,1998,4,OT,M,17.0,26.0
27846,27847,5,3,1998,16,OT,M,21.0,31.0
27856,27857,5,28,1998,21,OT,F,19.0,23.0
27863,27864,5,28,1998,22,OT,F,21.0,25.0
27892,27893,5,28,1998,22,OT,M,19.0,29.0
27904,27905,5,28,1998,12,OT,M,20.0,30.0
27915,27916,5,28,1998,12,OT,M,22.0,29.0
27933,27934,5,29,1998,3,OT,M,19.0,28.0
27934,27935,5,29,1998,3,OT,M,21.0,21.0
27936,27937,5,29,1998,6,OT,M,20.0,21.0
27945,27946,5,29,1998,6,OT,M,22.0,27.0
27964,27965,5,29,1998,5,OT,F,22.0,24.0
27977,27978,5,29,1998,6,OT,F,20.0,18.0
27985,27986,5,29,1998,15,OT,M,21.0,21.0
27999,28000,5,29,1998,3,OT,M,20.0,21.0
28003,28004,5,29,1998,13,OT,F,20.0,28.0
28030,28031,6,27,1998,21,OT,F,19.0,25.0
28034,28035,6,27,1998,12,OT,M,21.0,28.0
28039,28040,6,27,1998,18,OT,F,20.0,25.0
28043,28044,6,27,1998,17,OT,M,20.0,29.0
28049,28050,6,27,1998,12,OT,F,20.0,17.0
28067,28068,6,27,1998,12,OT,M,21.0,23.0
28082,28083,6,27,1998,12,OT,M,20.0,24.0
28083,28084,6,27,1998,21,OT,M,20.0,23.0
28099,28100,6,28,1998,6,OT,M,19.0,24.0
28147,28148,6,28,1998,6,OT,M,22.0,29.0
28148,28149,6,28,1998,14,OT,F,19.0,27.0
28151,28152,6,28,1998,6,OT,M,20.0,30.0
28206,28207,7,18,1998,22,OT,F,20.0,32.0
28207,28208,7,18,1998,17,OT,F,19.0,27.0
28212,28213,7,18,1998,22,OT,M,20.0,32.0
28228,28229,7,18,1998,12,OT,F,19.0,24.0
28247,28248,7,19,1998,9,OT,M,20.0,25.0
28252,28253,7,19,1998,13,OT,F,19.0,36.0
28255,28256,7,19,1998,6,OT,F,20.0,35.0
28262,28263,7,19,1998,11,OT,M,20.0,30.0
28286,28287,7,19,1998,5,OT,M,21.0,22.0
28309,28310,7,19,1998,14,OT,F,19.0,31.0
28345,28346,8,22,1998,12,OT,M,20.0,22.0
28347,28348,8,22,1998,12,OT,F,20.0,24.0
28364,28365,8,22,1998,18,OT,M,20.0,23.0
28387,28388,8,22,1998,21,OT,F,19.0,24.0
28393,28394,8,22,1998,22,OT,M,19.0,30.0
28418,28419,8,23,1998,4,OT,M,19.0,18.0
28430,28431,8,23,1998,6,OT,F,19.0,22.0
28435,28436,8,23,1998,6,OT,M,20.0,28.0
28458,28459,8,23,1998,13,OT,M,20.0,26.0
28468,28469,8,23,1998,14,OT,F,,24.0
28509,28510,9,19,1998,20,OT,M,20.0,19.0
28540,28541,9,20,1998,1,OT,M,20.0,25.0
28554,28555,9,20,1998,2,OT,M,20.0,20.0
28556,28557,9,20,1998,2,OT,M,20.0,20.0
28576,28577,9,20,1998,4,OT,M,,23.0
28600,28601,9,20,1998,13,OT,F,20.0,26.0
28609,28610,9,20,1998,14,OT,M,19.0,25.0
28612,28613,9,20,1998,14,OT,F,,22.0
28624,28625,9,21,1998,11,OT,F,21.0,23.0
28638,28639,9,21,1998,17,OT,M,20.0,22.0
28648,28649,10,24,1998,1,OT,M,20.0,23.0
28655,28656,10,24,1998,2,OT,M,19.0,23.0
28658,28659,10,24,1998,2,OT,M,20.0,27.0
28663,28664,10,24,1998,2,OT,F,21.0,28.0
28665,28666,10,24,1998,2,OT,M,20.0,22.0
28678,28679,10,24,1998,12,OT,M,20.0,23.0
28681,28682,10,24,1998,17,OT,F,19.0,25.0
28688,28689,10,24,1998,18,OT,F,20.0,24.0
28692,28693,10,24,1998,18,OT,M,20.0,21.0
28696,28697,10,24,1998,19,OT,F,20.0,22.0
28700,28701,10,24,1998,19,OT,M,21.0,21.0
28707,28708,10,24,1998,20,OT,M,20.0,24.0
28720,28721,10,24,1998,22,OT,M,20.0,27.0
28724,28725,10,24,1998,22,OT,F,20.0,28.0
28735,28736,10,25,1998,3,OT,F,20.0,24.0
28740,28741,10,25,1998,3,OT,F,20.0,20.0
28750,28751,10,25,1998,4,OT,M,20.0,19.0
28752,28753,10,25,1998,6,OT,M,21.0,27.0
28756,28757,10,25,1998,6,OT,F,21.0,22.0
28757,28758,10,25,1998,6,OT,M,20.0,22.0
28758,28759,10,25,1998,8,OT,M,20.0,24.0
28783,28784,10,25,1998,13,OT,F,20.0,26.0
28789,28790,10,25,1998,16,OT,M,20.0,19.0
28790,28791,10,25,1998,16,OT,F,19.0,21.0
28795,28796,11,21,1998,1,OT,F,20.0,23.0
28802,28803,11,21,1998,2,OT,F,19.0,23.0
28808,28809,11,21,1998,12,OT,M,21.0,25.0
28830,28831,11,21,1998,18,OT,F,21.0,26.0
28832,28833,11,21,1998,18,OT,M,21.0,27.0
28842,28843,11,21,1998,20,OT,M,19.0,24.0
28844,28845,11,21,1998,21,OT,M,19.0,25.0
28848,28849,11,21,1998,21,OT,M,20.0,27.0
28867,28868,11,22,1998,3,OT,M,20.0,24.0
28869,28870,11,22,1998,3,OT,M,20.0,22.0
28880,28881,11,22,1998,4,OT,F,20.0,20.0
28884,28885,11,22,1998,5,OT,M,20.0,24.0
28886,28887,11,22,1998,6,OT,F,21.0,29.0
28887,28888,11,22,1998,6,OT,M,20.0,27.0
28888,28889,11,22,1998,6,OT,F,21.0,23.0
28892,28893,11,22,1998,8,OT,F,20.0,26.0
28894,28895,11,22,1998,8,OT,M,20.0,27.0
28906,28907,11,22,1998,11,OT,F,20.0,25.0
28910,28911,11,22,1998,13,OT,F,20.0,28.0
28922,28923,12,22,1998,2,OT,F,20.0,23.0
28923,28924,12,22,1998,2,OT,M,20.0,27.0
28924,28925,12,22,1998,2,OT,F,21.0,31.0
28939,28940,12,22,1998,19,OT,F,21.0,28.0
28943,28944,12,22,1998,18,OT,F,20.0,26.0
28945,28946,12,22,1998,18,OT,F,20.0,27.0
28957,28958,12,22,1998,20,OT,M,20.0,22.0
28963,28964,12,22,1998,22,OT,M,20.0,29.0
28964,28965,12,22,1998,22,OT,F,20.0,27.0
28985,28986,12,23,1998,4,OT,M,19.0,28.0
28986,28987,12,23,1998,6,OT,F,21.0,31.0
28995,28996,12,23,1998,9,OT,F,20.0,21.0
29003,29004,12,23,1998,13,OT,F,20.0,28.0
29004,29005,12,23,1998,13,OT,M,20.0,25.0
29013,29014,12,23,1998,14,OT,F,20.0,25.0
29029,29030,1,16,1999,2,OT,M,20.0,22.0
29030,29031,1,16,1999,2,OT,M,20.0,26.0
29033,29034,1,16,1999,2,OT,F,20.0,25.0
29041,29042,1,16,1999,12,OT,M,20.0,27.0
29056,29057,1,16,1999,18,OT,F,20.0,25.0
29059,29060,1,16,1999,18,OT,M,20.0,24.0
29073,29074,1,16,1999,22,OT,M,20.0,25.0
29075,29076,1,16,1999,22,OT,F,29.0,20.0
29078,29079,1,16,1999,22,OT,M,20.0,27.0
29084,29085,1,16,1999,20,OT,F,19.0,21.0
29086,29087,1,16,1999,20,OT,M,20.0,21.0
29093,29094,1,17,1999,3,OT,M,19.0,27.0
29102,29103,1,17,1999,4,OT,M,20.0,22.0
29107,29108,1,17,1999,4,OT,F,20.0,21.0
29108,29109,1,17,1999,6,OT,F,20.0,33.0
29110,29111,1,17,1999,6,OT,M,20.0,29.0
29112,29113,1,17,1999,6,OT,F,21.0,23.0
29115,29116,1,17,1999,11,OT,M,20.0,25.0
29118,29119,1,17,1999,11,OT,F,20.0,23.0
29136,29137,1,17,1999,13,OT,M,19.0,26.0
29141,29142,1,17,1999,13,OT,F,20.0,27.0
29155,29156,2,20,1999,1,OT,M,19.0,25.0
29176,29177,2,20,1999,12,OT,M,20.0,23.0
29188,29189,2,20,1999,19,OT,M,20.0,23.0
29206,29207,2,20,1999,17,OT,M,20.0,27.0
29209,29210,2,20,1999,17,OT,F,20.0,26.0
29229,29230,2,20,1999,23,OT,M,19.0,24.0
29234,29235,2,21,1999,3,OT,M,19.0,25.0
29236,29237,2,21,1999,3,OT,F,20.0,24.0
29240,29241,2,21,1999,4,OT,M,20.0,23.0
29252,29253,2,21,1999,6,OT,F,21.0,22.0
29254,29255,2,21,1999,6,OT,M,21.0,28.0
29255,29256,2,21,1999,6,OT,F,21.0,29.0
29270,29271,2,21,1999,8,OT,F,21.0,24.0
29282,29283,2,21,1999,13,OT,F,19.0,30.0
29288,29289,2,21,1999,14,OT,M,20.0,24.0
29299,29300,3,14,1999,1,OT,F,20.0,28.0
29302,29303,3,14,1999,1,OT,M,18.0,27.0
29321,29322,3,14,1999,12,OT,M,20.0,26.0
29323,29324,3,14,1999,12,OT,F,20.0,26.0
29337,29338,3,14,1999,17,OT,M,21.0,27.0
29342,29343,3,14,1999,17,OT,F,20.0,25.0
29371,29372,3,15,1999,3,OT,F,19.0,25.0
29382,29383,3,15,1999,4,OT,F,20.0,26.0
29384,29385,3,15,1999,6,OT,F,21.0,30.0
29387,29388,3,15,1999,6,OT,F,20.0,25.0
29405,29406,3,15,1999,13,OT,F,20.0,26.0
29409,29410,3,15,1999,13,OT,F,19.0,35.0
29417,29418,3,15,1999,5,OT,M,19.0,24.0
29446,29447,4,17,1999,12,OT,F,20.0,25.0
29447,29448,4,17,1999,12,OT,M,19.0,23.0
29451,29452,4,17,1999,19,OT,M,19.0,25.0
29466,29467,4,17,1999,17,OT,F,20.0,27.0
29516,29517,4,18,1999,6,OT,F,20.0,22.0
29517,29518,4,18,1999,6,OT,M,20.0,27.0
29518,29519,4,18,1999,6,OT,M,20.0,25.0
29519,29520,4,18,1999,6,OT,F,21.0,27.0
29532,29533,4,18,1999,9,OT,M,19.0,23.0
29541,29542,4,18,1999,8,OT,F,20.0,29.0
29548,29549,4,18,1999,13,OT,F,20.0,26.0
29582,29583,5,15,1999,12,OT,F,20.0,30.0
29588,29589,5,15,1999,19,OT,F,21.0,37.0
29617,29618,5,15,1999,22,OT,F,19.0,35.0
29625,29626,5,15,1999,23,OT,F,20.0,34.0
29636,29637,5,16,1999,4,OT,F,20.0,29.0
29643,29644,5,16,1999,6,OT,M,20.0,30.0
29647,29648,5,16,1999,11,OT,F,21.0,24.0
29670,29671,5,16,1999,8,OT,F,20.0,27.0
29672,29673,5,16,1999,13,OT,F,20.0,27.0
29673,29674,5,16,1999,13,OT,M,19.0,23.0
29675,29676,5,16,1999,13,OT,M,20.0,28.0
29690,29691,5,16,1999,5,OT,F,20.0,29.0
29706,29707,6,12,1999,12,OT,F,21.0,32.0
29737,29738,6,12,1999,17,OT,M,20.0,28.0
29776,29777,6,13,1999,4,OT,F,20.0,28.0
29783,29784,6,13,1999,6,OT,F,22.0,36.0
29790,29791,6,13,1999,9,OT,M,20.0,27.0
29813,29814,6,13,1999,5,OT,F,20.0,27.0
29814,29815,6,13,1999,5,OT,M,21.0,30.0
29845,29846,9,12,1999,13,OT,F,20.0,34.0
29891,29892,10,9,1999,22,OT,F,20.0,29.0
29902,29903,10,10,1999,3,OT,M,21.0,14.0
29906,29907,10,10,1999,6,OT,M,20.0,23.0
29914,29915,10,10,1999,11,OT,F,19.0,26.0
29926,29927,10,10,1999,13,OT,F,20.0,29.0
29928,29929,10,10,1999,13,OT,M,21.0,22.0
29942,29943,11,6,1999,1,OT,F,22.0,32.0
29954,29955,11,6,1999,19,OT,M,20.0,21.0
29955,29956,11,6,1999,19,OT,F,20.0,27.0
29962,29963,11,6,1999,18,OT,M,21.0,19.0
29965,29966,11,6,1999,18,OT,M,20.0,27.0
29969,29970,11,6,1999,17,OT,M,20.0,28.0
29978,29979,11,6,1999,20,OT,M,20.0,25.0
30006,30007,11,7,1999,6,OT,F,20.0,22.0
30009,30010,11,7,1999,11,OT,F,20.0,24.0
30014,30015,11,7,1999,11,OT,M,21.0,25.0
30029,30030,11,7,1999,8,OT,M,19.0,11.0
30040,30041,11,7,1999,14,OT,F,21.0,33.0
30048,30049,11,7,1999,14,OT,M,20.0,23.0
30079,30080,12,5,1999,19,OT,M,19.0,16.0
30089,30090,12,5,1999,20,OT,M,20.0,24.0
30099,30100,12,5,1999,21,OT,M,20.0,19.0
30123,30124,12,6,1999,6,OT,F,19.0,20.0
30127,30128,12,6,1999,11,OT,F,19.0,24.0
30141,30142,12,6,1999,8,OT,M,19.0,18.0
30184,30185,1,8,2000,12,OT,F,20.0,25.0
30219,30220,1,10,2000,3,OT,F,20.0,25.0
30232,30233,1,10,2000,6,OT,F,20.0,20.0
30233,30234,1,10,2000,6,OT,M,20.0,27.0
30262,30263,1,10,2000,8,OT,M,20.0,24.0
30264,30265,1,10,2000,13,OT,M,19.0,22.0
30276,30277,1,10,2000,15,OT,F,20.0,19.0
30290,30291,2,5,2000,1,OT,F,21.0,29.0
30355,30356,2,5,2000,7,OT,M,19.0,25.0
30362,30363,2,6,2000,3,OT,M,21.0,26.0
30372,30373,2,6,2000,6,OT,M,21.0,26.0
30375,30376,2,6,2000,11,OT,F,20.0,21.0
30379,30380,2,6,2000,11,OT,M,20.0,25.0
30382,30383,2,6,2000,9,OT,M,20.0,27.0
30401,30402,2,6,2000,13,OT,M,20.0,22.0
30403,30404,2,6,2000,13,OT,M,19.0,
30477,30478,3,4,2000,17,OT,M,20.0,24.0
30505,30506,3,5,2000,3,OT,M,20.0,29.0
30514,30515,3,5,2000,6,OT,M,20.0,25.0
30515,30516,3,5,2000,6,OT,M,20.0,31.0
30517,30518,3,5,2000,6,OT,F,19.0,26.0
30524,30525,3,5,2000,11,OT,M,21.0,30.0
30526,30527,3,5,2000,11,OT,F,20.0,26.0
30535,30536,3,5,2000,9,OT,M,20.0,28.0
30548,30549,3,5,2000,8,OT,M,29.0,22.0
30554,30555,3,5,2000,13,OT,M,20.0,25.0
30560,30561,3,5,2000,14,OT,M,21.0,30.0
30561,30562,3,5,2000,14,OT,F,21.0,31.0
30566,30567,3,5,2000,15,OT,M,20.0,26.0
30578,30579,3,5,2000,16,OT,M,20.0,24.0
30598,30599,4,30,2000,17,OT,F,19.0,29.0
30600,30601,4,30,2000,17,OT,M,21.0,30.0
30612,30613,4,30,2000,12,OT,M,21.0,29.0
30618,30619,4,30,2000,12,OT,F,20.0,35.0
30654,30655,5,1,2000,6,OT,M,20.0,33.0
30658,30659,5,1,2000,9,OT,F,20.0,24.0
30669,30670,5,1,2000,15,OT,F,19.0,38.0
30681,30682,5,1,2000,11,OT,M,22.0,29.0
30705,30706,5,1,2000,13,OT,M,21.0,29.0
30708,30709,5,1,2000,13,OT,F,20.0,29.0
30709,30710,5,1,2000,14,OT,F,20.0,32.0
30743,30744,6,3,2000,12,OT,F,20.0,26.0
30746,30747,6,3,2000,12,OT,F,20.0,18.0
30760,30761,6,3,2000,19,OT,F,26.0,30.0
30802,30803,6,4,2000,3,OT,M,20.0,32.0
30858,30859,6,4,2000,9,OT,M,20.0,26.0
30861,30862,6,4,2000,9,OT,F,20.0,31.0
30875,30876,6,4,2000,13,OT,F,21.0,35.0
30889,30890,6,4,2000,5,OT,F,20.0,
30911,30912,7,1,2000,2,OT,M,20.0,23.0
30928,30929,7,1,2000,12,OT,F,21.0,29.0
30975,30976,7,1,2000,17,OT,F,20.0,27.0
30981,30982,7,1,2000,24,OT,M,20.0,21.0
30989,30990,7,2,2000,3,OT,M,19.0,22.0
31019,31020,7,2,2000,11,OT,F,21.0,18.0
31029,31030,7,2,2000,9,OT,F,20.0,40.0
31038,31039,7,2,2000,9,OT,M,19.0,29.0
31049,31050,7,2,2000,8,OT,F,21.0,20.0
31068,31069,7,2,2000,14,OT,F,20.0,30.0
31088,31089,7,2,2000,10,OT,M,19.0,15.0
31193,31194,8,25,2000,1,OT,M,20.0,22.0
31212,31213,8,25,2000,2,OT,F,21.0,32.0
31222,31223,8,25,2000,12,OT,M,20.0,24.0
31233,31234,8,25,2000,19,OT,M,20.0,25.0
31236,31237,8,25,2000,18,OT,M,20.0,21.0
31255,31256,8,25,2000,20,OT,M,20.0,
31263,31264,8,25,2000,17,OT,F,21.0,24.0
31265,31266,8,25,2000,17,OT,F,20.0,31.0
31273,31274,8,26,2000,3,OT,M,19.0,25.0
31289,31290,8,26,2000,4,OT,M,20.0,20.0
31302,31303,8,26,2000,6,OT,M,21.0,26.0
31310,31311,8,26,2000,11,OT,F,21.0,24.0
31329,31330,8,26,2000,8,OT,F,20.0,23.0
31331,31332,8,26,2000,8,OT,M,20.0,19.0
31344,31345,8,26,2000,13,OT,M,19.0,19.0
31349,31350,8,26,2000,14,OT,M,20.0,22.0
31357,31358,8,26,2000,14,OT,F,20.0,34.0
31360,31361,8,26,2000,15,OT,F,21.0,30.0
31371,31372,9,30,2000,1,OT,F,20.0,19.0
31376,31377,9,30,2000,1,OT,M,20.0,25.0
31383,31384,9,30,2000,2,OT,M,20.0,25.0
31387,31388,9,30,2000,2,OT,F,20.0,30.0
31393,31394,9,30,2000,12,OT,F,20.0,29.0
31394,31395,9,30,2000,12,OT,M,20.0,23.0
31403,31404,9,30,2000,18,OT,M,20.0,
31404,31405,9,30,2000,18,OT,,,
31408,31409,9,30,2000,18,OT,F,20.0,16.0
31416,31417,9,30,2000,17,OT,F,20.0,27.0
31420,31421,9,30,2000,20,OT,M,21.0,26.0
31422,31423,9,30,2000,20,OT,F,20.0,29.0
31444,31445,10,1,2000,3,OT,F,20.0,27.0
31459,31460,10,1,2000,6,OT,F,20.0,24.0
31460,31461,10,1,2000,11,OT,M,20.0,23.0
31467,31468,10,1,2000,9,OT,M,20.0,23.0
31473,31474,10,1,2000,8,OT,M,20.0,26.0
31480,31481,10,1,2000,8,OT,M,21.0,22.0
31481,31482,10,1,2000,8,OT,F,21.0,24.0
31489,31490,10,1,2000,14,OT,F,22.0,35.0
31490,31491,10,1,2000,14,OT,M,21.0,23.0
31493,31494,10,1,2000,15,OT,M,20.0,20.0
31494,31495,10,1,2000,15,OT,F,20.0,24.0
31498,31499,10,1,2000,16,OT,F,20.0,20.0
31500,31501,10,1,2000,16,OT,F,20.0,
31504,31505,11,25,2000,1,OT,F,20.0,27.0
31518,31519,11,25,2000,2,OT,M,20.0,26.0
31520,31521,11,25,2000,2,OT,F,20.0,30.0
31522,31523,11,25,2000,12,OT,F,20.0,26.0
31523,31524,11,25,2000,12,OT,M,20.0,21.0
31536,31537,11,25,2000,17,OT,M,20.0,22.0
31546,31547,11,25,2000,22,OT,M,20.0,22.0
31555,31556,11,26,2000,3,OT,M,19.0,25.0
31564,31565,11,26,2000,4,OT,F,21.0,
31568,31569,11,26,2000,4,OT,M,21.0,25.0
31571,31572,11,26,2000,6,OT,F,19.0,25.0
31572,31573,11,26,2000,6,OT,F,19.0,22.0
31576,31577,11,26,2000,6,OT,M,21.0,23.0
31578,31579,11,26,2000,11,OT,M,20.0,24.0
31584,31585,11,26,2000,9,OT,M,20.0,27.0
31585,31586,11,26,2000,9,OT,M,20.0,22.0
31586,31587,11,26,2000,9,OT,F,19.0,28.0
31589,31590,11,26,2000,8,OT,F,21.0,25.0
31591,31592,11,26,2000,8,OT,M,21.0,23.0
31594,31595,11,26,2000,13,OT,M,21.0,22.0
31598,31599,11,26,2000,14,OT,F,19.0,19.0
31601,31602,11,26,2000,14,OT,F,21.0,32.0
31606,31607,11,26,2000,15,OT,F,19.0,25.0
31617,31618,12,22,2000,1,OT,M,20.0,24.0
31622,31623,12,22,2000,1,OT,F,20.0,
31626,31627,12,22,2000,2,OT,M,20.0,25.0
31627,31628,12,22,2000,2,OT,M,19.0,28.0
31629,31630,12,22,2000,2,OT,F,20.0,28.0
31633,31634,12,22,2000,12,OT,M,20.0,22.0
31634,31635,12,22,2000,12,OT,F,20.0,26.0
31642,31643,12,22,2000,18,OT,M,20.0,
31648,31649,12,22,2000,17,OT,M,21.0,22.0
31650,31651,12,22,2000,17,OT,F,20.0,27.0
31652,31653,12,22,2000,17,OT,M,20.0,21.0
31653,31654,12,22,2000,20,OT,M,21.0,24.0
31662,31663,12,22,2000,7,OT,M,21.0,24.0
31663,31664,12,22,2000,7,OT,F,20.0,21.0
31670,31671,12,23,2000,3,OT,M,21.0,29.0
31675,31676,12,23,2000,4,OT,M,21.0,24.0
31676,31677,12,23,2000,4,OT,F,20.0,25.0
31677,31678,12,23,2000,6,OT,M,21.0,22.0
31679,31680,12,23,2000,6,OT,F,20.0,24.0
31680,31681,12,23,2000,6,OT,M,20.0,21.0
31681,31682,12,23,2000,6,OT,F,21.0,23.0
31686,31687,12,23,2000,11,OT,F,21.0,25.0
31692,31693,12,23,2000,8,OT,M,19.0,24.0
31694,31695,12,23,2000,8,OT,F,20.0,21.0
31695,31696,12,23,2000,8,OT,M,19.0,21.0
31700,31701,12,23,2000,13,OT,M,21.0,23.0
31705,31706,12,23,2000,15,OT,F,21.0,25.0
31706,31707,12,23,2000,15,OT,M,20.0,19.0
31714,31715,1,21,2001,2,OT,M,20.0,27.0
31723,31724,1,21,2001,12,OT,F,20.0,21.0
31729,31730,1,21,2001,17,OT,M,21.0,23.0
31734,31735,1,21,2001,17,OT,F,20.0,26.0
31736,31737,1,21,2001,17,OT,M,20.0,20.0
31746,31747,1,21,2001,7,OT,M,20.0,26.0
31753,31754,1,22,2001,3,OT,M,21.0,25.0
31754,31755,1,22,2001,3,OT,F,21.0,25.0
31757,31758,1,22,2001,4,OT,M,20.0,
31758,31759,1,22,2001,4,OT,M,20.0,22.0
31760,31761,1,22,2001,6,OT,M,21.0,24.0
31761,31762,1,22,2001,6,OT,F,20.0,26.0
31766,31767,1,22,2001,6,OT,M,20.0,
31785,31786,1,22,2001,15,OT,M,21.0,22.0
31793,31794,3,3,2001,12,OT,M,21.0,24.0
31803,31804,3,3,2001,17,OT,M,21.0,27.0
31806,31807,3,3,2001,17,OT,F,20.0,25.0
31838,31839,3,4,2001,8,OT,,,
31848,31849,3,4,2001,15,OT,F,20.0,24.0
31863,31864,3,24,2001,12,OT,M,20.0,24.0
31865,31866,3,24,2001,12,OT,M,22.0,
31871,31872,3,24,2001,17,OT,F,22.0,26.0
31891,31892,3,25,2001,4,OT,F,21.0,29.0
31895,31896,3,25,2001,4,OT,F,21.0,30.0
31899,31900,3,25,2001,9,OT,M,21.0,29.0
31905,31906,3,25,2001,8,OT,F,22.0,32.0
31929,31930,3,25,2001,15,OT,F,20.0,42.0
31968,31969,4,21,2001,17,OT,M,21.0,28.0
31987,31988,4,21,2001,7,OT,F,21.0,27.0
31992,31993,4,22,2001,4,OT,F,20.0,32.0
32003,32004,4,22,2001,11,OT,F,20.0,26.0
32005,32006,4,22,2001,11,OT,F,20.0,14.0
32025,32026,4,22,2001,15,OT,M,21.0,29.0
32087,32088,5,27,2001,3,OT,F,21.0,25.0
32088,32089,5,27,2001,3,OT,F,21.0,35.0
32103,32104,5,27,2001,6,OT,F,20.0,34.0
32105,32106,5,27,2001,6,OT,F,20.0,14.0
32124,32125,5,27,2001,8,OT,F,21.0,32.0
32125,32126,5,27,2001,8,OT,M,20.0,31.0
32209,32210,6,25,2001,21,OT,M,26.0,
32262,32263,7,22,2001,3,OT,M,21.0,31.0
32296,32297,7,22,2001,11,OT,M,21.0,27.0
32324,32325,7,22,2001,8,OT,F,22.0,27.0
32345,32346,7,22,2001,14,OT,F,20.0,35.0
32382,32383,8,25,2001,2,OT,M,20.0,25.0
32383,32384,8,25,2001,2,OT,M,21.0,23.0
32384,32385,8,25,2001,2,OT,F,21.0,31.0
32388,32389,8,25,2001,2,OT,M,21.0,26.0
32389,32390,8,25,2001,2,OT,F,21.0,23.0
32391,32392,8,25,2001,12,OT,M,20.0,25.0
32399,32400,8,25,2001,12,OT,M,21.0,20.0
32440,32441,8,25,2001,22,OT,F,21.0,21.0
32460,32461,8,25,2001,20,OT,F,21.0,20.0
32469,32470,8,25,2001,20,OT,M,19.0,
32485,32486,8,26,2001,3,OT,M,20.0,24.0
32506,32507,8,26,2001,6,OT,M,20.0,20.0
32512,32513,8,26,2001,6,OT,M,20.0,21.0
32525,32526,8,26,2001,11,OT,F,21.0,24.0
32526,32527,8,26,2001,11,OT,M,20.0,27.0
32529,32530,8,26,2001,11,OT,M,20.0,20.0
32538,32539,8,26,2001,9,OT,M,21.0,25.0
32540,32541,8,26,2001,8,OT,F,20.0,30.0
32544,32545,8,26,2001,8,OT,M,21.0,19.0
32546,32547,8,26,2001,8,OT,M,21.0,22.0
32561,32562,8,26,2001,13,OT,F,20.0,17.0
32563,32564,8,26,2001,13,OT,M,21.0,24.0
32565,32566,8,26,2001,13,OT,F,20.0,21.0
32597,32598,9,22,2001,2,OT,M,20.0,24.0
32601,32602,9,22,2001,2,OT,M,20.0,23.0
32625,32626,9,22,2001,19,OT,F,21.0,21.0
32639,32640,9,22,2001,17,OT,M,22.0,
32653,32654,9,22,2001,20,OT,M,20.0,20.0
32672,32673,9,22,2001,21,OT,F,20.0,22.0
32684,32685,9,22,2001,22,OT,F,21.0,19.0
32692,32693,9,23,2001,3,OT,M,20.0,21.0
32693,32694,9,23,2001,3,OT,M,21.0,24.0
32706,32707,9,23,2001,3,OT,F,21.0,30.0
32716,32717,9,23,2001,4,OT,F,20.0,
32726,32727,9,23,2001,6,OT,M,20.0,23.0
32733,32734,9,23,2001,11,OT,F,21.0,20.0
32734,32735,9,23,2001,11,OT,M,20.0,22.0
32742,32743,9,23,2001,9,OT,F,20.0,18.0
32747,32748,9,23,2001,9,OT,M,20.0,23.0
32752,32753,9,23,2001,9,OT,F,22.0,
32767,32768,9,23,2001,13,OT,,20.0,18.0
32786,32787,9,23,2001,14,OT,F,20.0,24.0
32794,32795,9,23,2001,15,OT,F,20.0,
32796,32797,9,23,2001,15,OT,M,20.0,24.0
32800,32801,9,23,2001,16,OT,M,21.0,21.0
32817,32818,10,13,2001,2,OT,M,20.0,26.0
32819,32820,10,13,2001,2,OT,M,20.0,21.0
32820,32821,10,13,2001,2,OT,M,20.0,22.0
32822,32823,10,13,2001,2,OT,M,20.0,26.0
32828,32829,10,13,2001,2,OT,M,20.0,22.0
32832,32833,10,13,2001,12,OT,F,21.0,26.0
32833,32834,10,13,2001,12,OT,F,22.0,21.0
32835,32836,10,13,2001,12,OT,M,20.0,27.0
32838,32839,10,13,2001,19,OT,F,20.0,22.0
32843,32844,10,13,2001,19,OT,F,20.0,26.0
32856,32857,10,13,2001,17,OT,F,20.0,21.0
32859,32860,10,13,2001,17,OT,M,20.0,25.0
32866,32867,10,13,2001,22,OT,F,20.0,22.0
32872,32873,10,13,2001,22,OT,M,21.0,
32890,32891,10,13,2001,24,OT,M,20.0,22.0
32892,32893,10,14,2001,3,OT,M,21.0,23.0
32897,32898,10,14,2001,3,OT,M,20.0,22.0
32898,32899,10,14,2001,3,OT,F,20.0,22.0
32900,32901,10,14,2001,3,OT,M,21.0,25.0
32911,32912,10,14,2001,4,OT,M,22.0,25.0
32938,32939,10,14,2001,6,OT,M,20.0,22.0
32939,32940,10,14,2001,6,OT,F,20.0,27.0
32942,32943,10,14,2001,11,OT,M,21.0,21.0
32943,32944,10,14,2001,11,OT,F,21.0,28.0
32947,32948,10,14,2001,11,OT,F,21.0,24.0
32964,32965,10,14,2001,9,OT,F,21.0,25.0
32965,32966,10,14,2001,9,OT,M,21.0,22.0
32967,32968,10,14,2001,9,OT,F,20.0,37.0
32977,32978,10,14,2001,8,OT,M,20.0,26.0
32985,32986,10,14,2001,13,OT,M,20.0,26.0
32993,32994,10,14,2001,13,OT,F,21.0,19.0
33002,33003,10,14,2001,14,OT,F,20.0,24.0
33007,33008,10,14,2001,15,OT,M,20.0,14.0
33008,33009,10,14,2001,15,OT,M,20.0,14.0
33009,33010,10,14,2001,15,OT,F,20.0,20.0
33013,33014,10,14,2001,16,OT,M,20.0,23.0
33015,33016,10,14,2001,16,OT,M,21.0,23.0
33016,33017,10,14,2001,16,OT,F,21.0,24.0
33027,33028,11,17,2001,2,OT,M,20.0,21.0
33032,33033,11,17,2001,2,OT,M,20.0,25.0
33046,33047,11,17,2001,12,OT,F,22.0,20.0
33052,33053,11,17,2001,19,OT,M,21.0,21.0
33054,33055,11,17,2001,19,OT,M,22.0,22.0
33073,33074,11,17,2001,17,OT,M,21.0,22.0
33100,33101,11,17,2001,22,OT,F,21.0,22.0
33101,33102,11,17,2001,22,OT,M,20.0,20.0
33111,33112,11,17,2001,24,OT,F,20.0,23.0
33118,33119,11,18,2001,3,OT,M,20.0,24.0
33119,33120,11,18,2001,3,OT,F,21.0,22.0
33121,33122,11,18,2001,3,OT,M,21.0,26.0
33153,33154,11,18,2001,6,OT,F,20.0,27.0
33157,33158,11,18,2001,11,OT,M,21.0,22.0
33159,33160,11,18,2001,11,OT,F,21.0,24.0
33168,33169,11,18,2001,11,OT,M,21.0,
33170,33171,11,18,2001,9,OT,M,21.0,23.0
33171,33172,11,18,2001,9,OT,M,21.0,19.0
33175,33176,11,18,2001,9,OT,M,20.0,20.0
33179,33180,11,18,2001,8,OT,F,20.0,23.0
33180,33181,11,18,2001,8,OT,M,21.0,23.0
33191,33192,11,18,2001,13,OT,M,22.0,23.0
33197,33198,11,18,2001,13,OT,F,20.0,20.0
33199,33200,11,18,2001,13,OT,F,21.0,18.0
33204,33205,11,18,2001,14,OT,F,20.0,23.0
33208,33209,11,18,2001,15,OT,F,20.0,19.0
33213,33214,11,18,2001,16,OT,F,21.0,18.0
33214,33215,11,18,2001,16,OT,M,21.0,25.0
33226,33227,12,15,2001,2,OT,M,20.0,23.0
33228,33229,12,15,2001,2,OT,M,20.0,23.0
33245,33246,12,15,2001,19,OT,F,20.0,22.0
33249,33250,12,15,2001,19,OT,F,20.0,21.0
33252,33253,12,15,2001,19,OT,M,20.0,24.0
33265,33266,12,15,2001,17,OT,M,20.0,22.0
33266,33267,12,15,2001,17,OT,F,20.0,19.0
33273,33274,12,15,2001,22,OT,F,21.0,24.0
33274,33275,12,15,2001,22,OT,,,
33276,33277,12,15,2001,22,OT,M,20.0,22.0
33305,33306,12,15,2001,7,OT,M,19.0,21.0
33306,33307,12,15,2001,7,OT,M,20.0,19.0
33325,33326,1,12,2002,2,OT,F,20.0,26.0
33326,33327,1,12,2002,2,OT,M,20.0,24.0
33327,33328,1,12,2002,2,OT,F,21.0,22.0
33331,33332,1,12,2002,2,OT,F,20.0,18.0
33332,33333,1,12,2002,2,OT,M,20.0,25.0
33333,33334,1,12,2002,2,OT,F,20.0,22.0
33352,33353,1,12,2002,19,OT,F,22.0,24.0
33353,33354,1,12,2002,19,OT,M,21.0,22.0
33356,33357,1,12,2002,19,OT,,21.0,20.0
33363,33364,1,12,2002,17,OT,F,21.0,18.0
33377,33378,1,12,2002,21,OT,M,21.0,
33402,33403,2,9,2002,1,OT,M,20.0,26.0
33419,33420,2,9,2002,3,OT,F,21.0,24.0
33431,33432,2,9,2002,3,OT,M,21.0,30.0
33446,33447,2,9,2002,17,OT,M,21.0,25.0
33466,33467,2,9,2002,19,OT,F,21.0,22.0
33487,33488,2,9,2002,20,OT,F,20.0,24.0
33507,33508,2,10,2002,6,OT,M,20.0,25.0
33535,33536,2,10,2002,13,OT,F,20.0,22.0
33538,33539,2,10,2002,13,OT,M,20.0,19.0
33545,33546,2,10,2002,14,OT,F,21.0,21.0
33584,33585,3,13,2002,2,OT,F,20.0,23.0
33605,33606,3,13,2002,18,OT,F,20.0,24.0
33611,33612,3,13,2002,17,OT,M,21.0,32.0
33618,33619,3,13,2002,17,OT,F,21.0,26.0
33668,33669,3,14,2002,6,OT,M,20.0,25.0
33674,33675,3,14,2002,6,OT,F,21.0,26.0
33691,33692,3,14,2002,11,OT,F,21.0,29.0
33698,33699,3,14,2002,9,OT,M,21.0,30.0
33715,33716,3,14,2002,13,OT,F,20.0,23.0
33722,33723,3,14,2002,14,OT,F,20.0,25.0
33750,33751,4,16,2002,6,OT,F,21.0,26.0
33806,33807,4,16,2002,13,OT,M,20.0,24.0
33807,33808,4,16,2002,13,OT,F,21.0,22.0
33812,33813,4,16,2002,18,OT,F,22.0,26.0
33826,33827,4,16,2002,22,OT,F,20.0,27.0
33837,33838,4,17,2002,2,OT,F,20.0,25.0
33839,33840,4,17,2002,2,OT,M,21.0,29.0
33862,33863,4,17,2002,3,OT,M,21.0,31.0
33872,33873,4,17,2002,4,OT,F,21.0,28.0
33882,33883,4,17,2002,9,OT,F,20.0,26.0
33891,33892,4,17,2002,14,OT,F,20.0,27.0
33895,33896,4,17,2002,14,OT,M,20.0,24.0
33951,33952,5,15,2002,2,OT,F,20.0,27.0
34018,34019,5,15,2002,20,OT,F,21.0,26.0
34123,34124,5,16,2002,9,OT,F,20.0,26.0
34136,34137,5,16,2002,8,OT,M,20.0,11.0
34148,34149,5,16,2002,13,OT,M,20.0,
34149,34150,5,16,2002,13,OT,F,20.0,23.0
34208,34209,6,15,2002,12,OT,F,20.0,35.0
34282,34283,6,15,2002,7,OT,,,
34329,34330,6,16,2002,11,OT,M,20.0,23.0
34337,34338,6,16,2002,9,OT,F,20.0,
34383,34384,6,16,2002,14,OT,M,21.0,23.0
34404,34405,6,16,2002,16,OT,F,20.0,24.0
34456,34457,7,13,2002,19,OT,F,21.0,34.0
34474,34475,7,13,2002,17,OT,M,21.0,27.0
34519,34520,7,13,2002,7,OT,F,20.0,25.0
34534,34535,7,14,2002,3,OT,F,18.0,28.0
34537,34538,7,14,2002,3,OT,F,21.0,28.0
34593,34594,7,14,2002,9,OT,F,18.0,20.0
34597,34598,7,14,2002,9,OT,F,20.0,23.0
34606,34607,7,14,2002,9,OT,M,20.0,25.0
34616,34617,7,14,2002,8,OT,M,18.0,19.0
34624,34625,7,14,2002,13,OT,F,21.0,21.0
34660,34661,7,14,2002,16,OT,F,21.0,39.0
34699,34700,9,10,2002,15,OT,F,20.0,31.0
34709,34710,9,10,2002,13,OT,F,21.0,
34711,34712,9,10,2002,13,OT,M,19.0,26.0
34730,34731,9,10,2002,8,OT,M,20.0,11.0
34751,34752,9,10,2002,16,OT,M,20.0,15.0
34753,34754,9,10,2002,16,OT,F,20.0,25.0
34808,34809,10,5,2002,19,OT,F,20.0,30.0
34817,34818,10,5,2002,12,OT,M,20.0,22.0
34902,34903,10,6,2002,11,OT,F,20.0,33.0
34908,34909,10,6,2002,9,OT,M,21.0,24.0
34918,34919,10,6,2002,8,OT,F,20.0,23.0
34945,34946,10,6,2002,14,OT,M,18.0,19.0
34963,34964,10,6,2002,16,OT,M,18.0,22.0
34973,34974,11,9,2002,1,OT,F,20.0,28.0
34979,34980,11,9,2002,1,OT,M,20.0,23.0
34982,34983,11,9,2002,2,OT,F,21.0,24.0
34991,34992,11,9,2002,17,OT,F,19.0,30.0
34999,35000,11,9,2002,17,OT,M,20.0,27.0
35019,35020,11,9,2002,19,OT,F,20.0,12.0
35030,35031,11,9,2002,12,OT,M,20.0,24.0
35063,35064,11,9,2002,20,OT,M,19.0,13.0
35082,35083,11,10,2002,6,OT,M,19.0,23.0
35090,35091,11,10,2002,11,OT,F,20.0,21.0
35096,35097,11,10,2002,11,OT,M,19.0,26.0
35098,35099,11,10,2002,9,OT,F,20.0,26.0
35122,35123,11,10,2002,4,OT,M,20.0,21.0
35131,35132,11,10,2002,9,OT,M,20.0,22.0
35139,35140,11,10,2002,8,OT,F,20.0,25.0
35145,35146,11,10,2002,8,OT,M,19.0,20.0
35155,35156,11,10,2002,13,OT,M,20.0,18.0
35160,35161,11,10,2002,13,OT,F,20.0,26.0
35162,35163,11,10,2002,13,OT,M,20.0,23.0
35184,35185,11,10,2002,16,OT,F,20.0,24.0
35186,35187,11,10,2002,5,OT,F,19.0,17.0
35189,35190,12,7,2002,1,OT,M,20.0,14.0
35191,35192,12,7,2002,1,OT,F,18.0,19.0
35197,35198,12,7,2002,1,OT,M,19.0,13.0
35203,35204,12,7,2002,2,OT,M,19.0,19.0
35212,35213,12,7,2002,17,OT,M,21.0,25.0
35268,35269,12,7,2002,20,OT,M,20.0,23.0
35278,35279,12,7,2002,16,OT,F,20.0,23.0
35281,35282,12,7,2002,23,OT,M,20.0,28.0
35304,35305,12,8,2002,4,OT,M,20.0,21.0
35305,35306,12,8,2002,4,OT,F,21.0,22.0
35306,35307,12,8,2002,6,OT,M,19.0,21.0
35319,35320,12,8,2002,6,OT,F,20.0,24.0
35329,35330,12,8,2002,11,OT,F,19.0,23.0
35336,35337,12,8,2002,9,OT,M,20.0,25.0
35341,35342,12,8,2002,9,OT,F,20.0,28.0
35353,35354,12,8,2002,8,OT,M,20.0,21.0
35359,35360,12,8,2002,13,OT,M,20.0,22.0
35383,35384,12,8,2002,5,OT,F,20.0,22.0
35386,35387,12,29,2002,1,OT,M,19.0,22.0
35394,35395,12,29,2002,2,OT,M,19.0,23.0
35448,35449,12,29,2002,20,OT,F,20.0,
35479,35480,12,29,2002,16,OT,F,20.0,23.0
35483,35484,12,29,2002,16,OT,M,17.0,26.0
35494,35495,12,31,2002,3,OT,F,19.0,27.0
35504,35505,12,31,2002,6,OT,F,19.0,24.0
35525,35526,12,31,2002,8,OT,F,20.0,24.0
35529,35530,12,31,2002,13,OT,F,20.0,
